,clear ability,score ability
u_157833,40.070881368663606,20.396438999618738
u_170,33.12064096721819,15.284061161780993
u_50893,25.43183751980051,3.655597861718767
u_152207,21.801230408661613,-1.0926555354675287
u_1333,36.106158263103254,0.778623493519527
u_1952,29.06256148649814,18.04727022323266
u_27612,28.178098234315854,8.596680268698806
u_93840,42.42985899982339,11.1246839216791
u_51164,8.15928327899038,2.5038225371750364
u_123918,43.392778323706445,32.67542109986372
u_139607,49.94924639508269,52.16037392095515
u_85417,30.089939859639262,31.021701680278934
u_38182,43.05211207905855,17.389725396481175
u_165526,16.63916817063691,-8.938444022374764
u_130368,8.492251435703883,-10.271943897597572
u_32306,65.24558837355944,69.4899865898464
u_132354,18.413687980300335,11.408394914433021
u_2171,25.815016151942245,3.946654961022653
u_8150,36.85359506455061,-2.8979837073232306
u_107107,14.40508638478135,2.405543377592332
u_31757,30.472027639810502,7.258370948026347
u_70045,50.0558117484188,26.62813244404688
u_5072,26.888763927841662,15.455415827810912
u_27696,19.430876549283308,2.5423395873377355
u_86885,20.175629641747108,-6.5079554035189595
u_31155,2.479094257381657,-8.708433918571915
u_38357,27.579465965935224,9.521171753022369
u_28794,66.68743373750367,54.30471435703401
u_2355,35.82871787471828,15.996982195494658
u_16355,39.44920636118823,15.412610273121699
u_70821,66.65731237600298,63.92453707387084
u_33590,64.08699150820586,28.007684794467167
u_144764,41.149984417270836,15.98994474384923
u_32328,41.87689922135721,17.99602875322827
u_13303,51.74950495167378,41.67858611456859
u_57476,25.412193276888104,-2.6516336607610715
u_11429,26.031105625901596,2.083467679664788
u_87094,55.06027408397797,59.85733271814528
u_20912,21.455317934031175,3.953417812708982
u_64761,27.92428511649143,15.388926016203735
u_25390,33.75964933857979,5.9192381805393595
u_138222,43.48174752650637,24.897424180870956
u_21996,10.968677114555527,0.6473109888949582
u_160422,31.11639738389445,-0.13130961080906067
u_176951,34.671630304059455,15.532059367680892
u_47586,47.378554687290055,20.43315458843894
u_84133,17.895830222733657,-2.4484958822617995
u_3927,23.770257926022005,8.727315899629927
u_143139,49.60816138037738,50.89398036563202
u_147493,43.03403484486926,5.28321463210966
u_53835,32.84500862888905,28.737657910536157
u_13134,45.09059419180264,11.847836043779246
u_142127,11.13955368367025,-3.7277033062086025
u_169249,43.17107194109264,52.03458074103685
u_157851,37.76370744619759,8.085510553308708
u_134717,31.782954357936028,-4.507399392228872
u_34716,48.23554437050659,38.96326354888829
u_55136,18.621741103164627,-3.13746945390359
u_933,31.530232635485625,3.4052512336056786
u_161057,25.85167746352597,-0.7333420029294406
u_65482,19.154229534479295,-2.844271715846779
u_9195,27.36037183137977,-5.657500043684949
u_60695,33.153278343149886,17.438577613655983
u_168302,54.12608279065773,45.22862707305794
u_5493,21.112698429102434,-4.015842204646295
u_62075,35.71117363436924,12.307038753409834
u_132411,35.44738777528673,29.3435721201618
u_165207,70.21771954513837,18.56523238658652
u_7721,57.62477630544098,41.85274296815467
u_34963,26.19730975020965,0.6491458245007213
u_152783,39.8859461696717,10.055291969076086
u_45542,30.83539766015093,9.69784978503392
u_131116,-4.213544632214246,-8.305567202859162
u_95257,26.207969263432197,-1.753462153936473
u_26299,17.72674298048186,-6.220452801507913
u_173307,30.240660421707542,20.694826918312067
u_94829,29.262478341398676,3.2183932545152847
u_173404,62.13792277610239,52.7739696598974
u_47927,27.29224227563977,1.6120090852913087
u_175262,43.02090272180534,28.729710596571763
u_101862,7.3591863718249915,-2.7488033735347215
u_45669,46.726235780732615,24.949393184238932
u_35627,16.82074805296423,-6.735043488965822
u_53072,19.358245481020887,-5.755107356202459
u_152062,34.95496220920831,-2.8999194124549037
u_104815,22.038305594159617,-2.951914826505989
u_88252,32.13060859460732,6.981579975524777
u_85865,17.290898721830867,-6.242653486165336
u_32858,25.852350033357666,13.936902624799217
u_34848,31.18426754201783,1.9440760412156908
u_54195,22.624168272113227,-1.3802018579604982
u_169954,46.85509176527626,29.010265625876038
u_25085,44.528330077231274,33.58586573649899
u_43920,21.550117206637893,4.668399740287885
u_3311,57.910874373585166,49.34851730577103
u_79398,27.546077487409562,1.954383812476687
u_4945,23.677779361883175,-2.895477815076301
u_67019,36.14667191054599,14.18539628812222
u_156072,45.85671102772973,34.36308448113808
u_158059,42.74378859766836,0.7241376219167697
u_26350,26.687692859203562,1.5022211758496073
u_153441,19.323335799306875,3.2560969823105803
u_103346,25.18179771383478,-6.410524384195521
u_31526,34.4839497716013,11.364711379953295
u_143388,39.34573746120771,43.64840257231412
u_75843,33.60952723609561,14.496789226914412
u_125218,30.53778278292669,-0.5786593858787383
u_127544,24.56127269913818,-4.911656984349403
u_13137,34.82862403795694,11.433446585983619
u_80988,38.42306731076074,25.709034716017978
u_84430,19.277522916094178,-2.7903298886958066
u_63404,33.239862485313644,-1.4986752095953293
u_24498,22.681343790014516,18.154310181379277
u_131590,48.950106718195244,35.5380969441756
u_62172,8.250677537644503,3.361618907293485
u_14233,8.042608582736888,-0.7223122604107582
u_152009,12.706232905682972,-3.663881172527621
u_45856,62.44662947618048,34.53086551684197
u_105279,30.25765003668587,11.960584359749822
u_27214,33.760820025403014,18.12327770004507
u_38142,19.632561541665293,-2.2689796973601832
u_31096,38.62956881231069,15.668448266686914
u_56653,30.831036546797844,1.3797342451237549
u_109535,26.786737256964525,-5.580589861328824
u_141483,49.337244522236986,36.1309584960216
u_26284,59.60183406281425,47.62300145784421
u_160580,26.76685073212875,-3.259761118205794
u_18647,23.93197070982593,-1.723295072748057
u_46621,13.02928141918522,-0.11718342361972349
u_92116,35.15654053065541,2.0557144236209597
u_19560,23.860156803485236,9.580788439931002
u_26101,49.414460717330414,33.19962999698326
u_56568,-2.124729760213047,-3.296957077468736
u_145035,27.12530813152916,5.852209049875588
u_28115,34.19653175086499,3.623810854018182
u_836,28.68060162215787,0.13165300779352804
u_146014,24.93754500428442,2.496327713110196
u_27107,29.17698939109039,8.571038180281791
u_94098,5.318626084517554,-5.933019441417974
u_100415,53.80732484950529,18.048098134824293
u_54099,18.2641414154814,-0.9083981443025977
u_153862,24.359820271060777,-3.8571717466360997
u_30143,52.58872035221842,23.277556540214626
u_498,32.19722037090931,19.86740178690945
u_104729,47.69596749500469,28.910831444633896
u_47634,24.70957442481303,-1.4268121796874214
u_180320,18.557396641118128,-7.248260011567282
u_153524,52.26896778676553,28.56179179891188
u_48882,48.84831601351307,22.835609802898393
u_148434,30.43182648702593,4.352782269252228
u_122934,44.13738502791832,25.17465488353091
u_132031,30.552031911546226,10.676130273428724
u_80834,31.203049476308674,4.510325262916493
u_153689,55.10687795523476,15.447871781438725
u_1612,38.56104379192709,2.0310837978503526
u_121927,15.939849756794095,-3.3461032974813048
u_86382,10.740318212370513,-4.139585288154224
u_38850,32.25595580786263,2.8076861536476616
u_139987,25.562119780077456,-4.308126404712137
u_9531,51.204113161111,43.48129681983982
u_618,48.16446736290846,37.13434165010223
u_27634,34.35664097077102,8.581310506537365
u_158177,22.120778329616485,0.29565111903924046
u_7850,24.343650801862918,-1.8853173067374491
u_7864,46.63145983937487,7.337690568932484
u_62216,17.191941361212717,-3.296957077468736
u_154666,46.72059177428941,23.22408172357422
u_38560,45.01475757876647,16.968723710195675
u_156984,27.497067434328333,2.876680083978651
u_33030,52.73536763388077,36.480763178920235
u_111650,34.39320954588577,18.55777638444771
u_35432,12.638180278101418,-9.641830321577075
u_11121,19.549179198801017,12.413254105390065
u_22520,17.771955694460623,8.167289156472364
u_30881,54.811468430359376,42.50462871732643
u_16420,24.065552417145057,1.8720775808537509
u_131827,31.78115747384182,-1.55656317456249
u_7753,29.189137141822773,10.40540211681025
u_148306,0.5406052507367569,-10.21937462273953
u_158322,29.753297027805615,15.062200268414582
u_101533,45.107660339748286,36.58488408017079
u_173876,30.006321608680356,21.20736223520681
u_60399,11.325709619406013,-2.481872465706222
u_129639,34.91113202768121,6.714969328979691
u_129812,23.467375776956676,-0.27310624519641774
u_33856,37.3885481782752,2.1514917499566466
u_1006,36.549795290567275,17.37747166062038
u_7482,46.330273339759714,31.90002665755799
u_80703,51.97587346563512,31.23401939484018
u_59856,21.76212373361196,-4.959716106327105
u_23559,47.721586900525175,25.637200033847655
u_812,35.93034679280812,9.34278551811275
u_18513,18.286546487675523,0.19694751119796064
u_5631,38.7619982797285,16.50676710215583
u_28031,33.93198690409833,23.823974309839976
u_143093,10.401561320816127,3.193126517049521
u_1176,5.12695989221518,-3.9124154810660245
u_44791,21.553543901582987,-4.114821531626965
u_34097,30.10934977200668,1.9491982889538653
u_891,54.78560462669353,40.699710848809346
u_5657,20.968901869120398,3.104760762141613
u_10159,28.56022286619169,6.718382584118616
u_125226,31.62424511525995,22.83931555185138
u_180762,62.67574025069121,7.360046803612976
u_141375,39.655183020872194,21.413644617682053
u_76601,25.85732660686274,5.668590061085391
u_131270,20.503614050375226,-6.182214035827387
u_57309,44.95529184380078,40.9555230216563
u_111005,3.0098533853422307,-1.4926616535349124
u_53306,39.73728730593693,18.815072541755377
u_104856,50.65862314237504,10.221368472753039
u_60003,40.84992719779247,23.257508445116486
u_50324,23.947610204471374,-5.6021409041340595
u_78325,32.897033088856865,14.077259070655414
u_93036,18.370535122983945,-2.392850690780776
u_9032,3.645876989105925,8.205503888481864
u_140558,37.479758365004194,16.85671217185953
u_41905,32.523659947520365,15.311708981417631
u_87825,13.526589195539225,-8.673160209179606
u_32609,25.564426312277465,0.9783378748377817
u_108125,32.373474349960766,3.1038091995875075
u_2297,30.0169251031036,13.863261399632806
u_179063,48.18650030790753,24.9638078871642
u_11084,29.733267837580254,1.79244033935517
u_22742,13.974067283661373,-2.5964095011669017
u_27678,34.24022471634733,52.34232528518437
u_171442,29.118562122951214,4.22729569039675
u_31796,70.81719370399752,56.4935038854934
u_1571,39.19913453466207,23.961152057323847
u_166940,30.479805206340956,-2.1999481439767132
u_146948,-3.4006479452382847,-5.903115259045421
u_50258,22.603714334265124,-3.876252291623089
u_36961,41.67992973263899,33.818931079101226
u_53393,70.86608830036063,61.54685342533928
u_107,33.38444282789736,7.394211892164534
u_8772,40.04722324060858,32.636408641688746
u_92869,42.30256504607534,19.948673801790378
u_1941,31.21709496667426,11.383975884119874
u_7651,27.56884134737002,14.328445033062609
u_39214,17.173170900134046,-8.633115474807761
u_49794,21.223020865833703,-8.97351308042358
u_153030,27.335407836219645,-5.151756396878546
u_147123,44.57648951184856,17.682705687987617
u_93223,22.097730715024205,-0.5021140218539061
u_55087,13.556075138443218,8.268539865435008
u_40552,59.9172356734114,35.40549961376156
u_775,21.311865827575083,-3.8881780687906846
u_1380,15.050216226415095,4.60628516360272
u_79492,25.88127338153678,0.7886800797777225
u_115315,28.876869184811696,3.370615236419378
u_143440,44.7082791771908,32.88798909830403
u_112604,38.40465306197247,-0.7559360274296226
u_15954,38.53842166374623,19.224565066694943
u_28618,19.122872506938453,-2.4120593637474466
u_80702,25.125663470924565,1.5948777113897932
u_82883,44.68243398468674,11.330691508798708
u_329,32.53383095372125,7.8559406049953004
u_79027,19.48872765142633,-4.946435272874523
u_20541,24.740702820969094,6.021781537735178
u_20672,33.87605032466748,17.64151558988946
u_139444,36.35258348411814,27.826156523811825
u_18150,31.958210373474067,17.075818041787137
u_61047,35.15028730463084,16.035489629548408
u_45328,44.40041943630498,13.17451199363049
u_160233,54.8799736549432,30.25525953696152
u_22830,22.219361344747988,-1.1673116316506547
u_68263,40.69320478327518,11.80422832909179
u_29205,4.367136398820149,-9.934311682766602
u_33665,9.442487050690545,-4.7141999312694445
u_14479,28.352070275977628,25.86542765520281
u_66840,22.900206827529736,16.874388322005014
u_148724,48.563159143848495,23.470837719196084
u_36149,28.46504702969296,5.4269267495557285
u_100485,21.18093220470935,-4.585493015268317
u_6568,33.83618289792809,19.076152544169247
u_724,39.38445233290923,18.381129889025438
u_135033,31.089781795825054,1.8233186805550194
u_54327,28.644167648916454,11.150764253392094
u_23771,33.08990975938568,7.507653409745408
u_79674,26.84729187030325,18.72032030834533
u_144668,38.875203515004586,16.986363477957966
u_32843,47.04761257895264,22.852395200704894
u_137279,23.063999119067493,22.13431998335321
u_158631,32.71529583718087,21.70202851881678
u_145967,23.84365151200822,-6.520337056132655
u_105050,20.875444842272664,-4.207265136553371
u_132970,17.14329694276033,-9.451984201099116
u_34030,28.82663244672596,1.1424504757173466
u_91822,30.933441250132688,15.348895027480879
u_140659,25.71176263086715,3.4803732951157507
u_38121,41.243946633180016,28.013729471028217
u_129939,16.96322305879006,-9.683161114816395
u_117869,14.616400263386998,6.811389099781115
u_134595,14.727531274633993,-4.14601620414579
u_107212,25.14427879935513,-6.30929996137126
u_142308,25.852526365611446,-5.716393785729501
u_8599,55.5758409875138,34.003019404284935
u_56120,41.28641233767071,33.631049803394625
u_142580,66.4524656075878,52.47887271226907
u_16658,42.73618943813944,4.564076030431665
u_82383,23.836235443416008,1.2622603190479103
u_64238,36.980854597058176,2.575938978935995
u_37691,39.48361708990118,16.872117447582415
u_64385,28.951747535099223,4.866124080498793
u_77223,38.432314447145174,2.4515105798043204
u_1305,33.10556254948872,11.223997061746672
u_74565,68.15695435030034,52.76091966917405
u_41288,28.465074555309076,16.96714432105064
u_27561,20.844477943756473,-2.591012857660737
u_122760,44.199270287162356,10.962951595387972
u_47138,41.99742042000922,3.3281871935712575
u_40297,27.71106495475123,-11.22880803013257
u_7015,42.991309262643306,21.902828077053698
u_17306,52.29110192104032,46.06067889043064
u_13585,37.00523024872359,12.559283762520359
u_59504,17.209581856971734,-2.417748641363941
u_165205,61.47032505210725,27.66976547624598
u_45807,26.553203104793997,5.583250250419473
u_160941,37.9111068085332,12.580416750156099
u_118087,30.490698813854834,7.150585928159906
u_103293,43.76187964329407,9.585517388304815
u_79467,31.34786588582626,5.972266640474401
u_94677,18.09921681720402,-2.8373650218894526
u_80659,9.130955079573468,-2.071793134859691
u_111941,31.237678845514314,4.173769507313228
u_107192,33.223726121569825,37.9779803588383
u_47898,60.94727698667286,3.8091702167691732
u_88744,64.49226543144363,49.02905109238312
u_124233,56.26495449589973,20.448007982098023
u_110866,3.1609640274936437,-4.022122240317035
u_73357,24.164460577712486,21.177624767840534
u_52287,20.16486258809234,-4.867598525993307
u_80463,35.47446628523668,-1.6984227261081029
u_136895,35.45143774033813,18.68965233559368
u_121850,23.489731608927332,3.507664118840497
u_129499,27.454367110398458,24.898813224467993
u_9995,20.597010916939016,2.5966418693081947
u_161290,52.10644305609643,37.64262120280374
u_155193,30.778766214033894,32.229938024629426
u_60029,22.419254996868638,-2.441235637768559
u_41928,12.538338901895983,0.9600175409263964
u_95966,56.543453086346254,7.2932088860793565
u_115953,25.2926528345582,5.009806655549044
u_48797,35.02965126300981,29.390831601157906
u_159249,37.787563927291,23.866269526413568
u_167849,-7.5802109746324025,-8.678370063443257
u_146474,24.40643032184241,-3.0386945032656407
u_55531,56.91081398022271,57.83170047392999
u_95879,63.72613548013825,46.392608169657414
u_148700,27.438248420591414,16.70404053457685
u_30855,26.683328866348827,-2.700790650521574
u_54362,40.21465062555452,24.313472837922088
u_169317,43.919779417365895,14.518582125562297
u_139958,63.58458124719628,24.23142580458291
u_4098,42.66679574050391,28.52863214111129
u_1865,43.592146708815584,6.244734183578872
u_82686,20.190105551433895,0.35390644033606616
u_70880,25.281679452092536,5.486619848921357
u_72332,9.665252833649433,-5.653579902439539
u_103499,11.25016324713572,-7.536846039260419
u_175845,23.498881233706374,-4.581353986682777
u_132427,37.64874078977903,29.034227037555134
u_25563,28.85259363756036,10.525511830447728
u_129475,33.360578635066744,21.349730422353268
u_27753,41.554315541631595,22.081141881114526
u_12335,52.26154154637361,27.85373614122444
u_65058,36.42222008137808,6.983420839383747
u_35150,22.12705389787368,0.21569592152772737
u_160328,30.341197387730627,2.74881086092406
u_124020,20.13365560847961,-0.3526972811876509
u_150777,30.298799536807092,12.877080118602038
u_173113,29.300641004280457,1.765191411616636
u_130874,59.44684364333878,18.1972521116847
u_80781,36.674711781955814,7.5394834370568775
u_77040,18.6402105895868,1.9897677165321541
u_37990,33.569250006897974,-0.09531847255721064
u_95772,14.115810116172494,-5.17718259010946
u_7077,52.99725720265267,32.407499573459674
u_40214,30.39370341792148,0.4353941058772662
u_36678,29.16589132404383,14.431638403237082
u_70074,-2.345302808560171,-3.651462407258352
u_179960,51.39663611600701,27.04241394943626
u_113605,23.93387390536191,4.977612496132239
u_27802,34.76880509590627,3.530151368443072
u_112969,30.015416372065317,13.909804595082152
u_33542,-1.5487565981580076,-2.7459711016506203
u_22923,23.55588672402383,14.134249626093915
u_27083,32.88999943261046,15.963379151895465
u_165610,28.977970823304783,19.649402288929203
u_44390,33.98823931133899,10.989099223030195
u_152960,37.92544969560293,43.638706125983525
u_133797,23.971242557613493,-3.5917226312612947
u_24658,21.880509560280643,-8.359557630312544
u_153,35.15665295402906,38.5323779463416
u_52361,34.85948661165515,2.1156949333838604
u_112472,47.38959548012421,28.985356415728802
u_15064,46.38661345471309,38.25934221687103
u_77993,55.8070634778352,54.67309094683322
u_22658,27.08086292716092,2.4089439674047917
u_25008,34.47199854287651,3.116974934240403
u_23109,30.609093436774266,24.75135920382743
u_158848,10.661451176678916,-6.2040376681926315
u_33276,23.414458392705036,-0.9954960563555849
u_114430,12.152911505697693,-8.183360824287536
u_47733,22.13663879974125,0.7725719856237819
u_95000,29.612839651112235,1.7067295222924483
u_124423,31.522736819070595,13.15543674584968
u_6941,44.98245623476729,6.173852573003923
u_40774,26.17060074073593,-1.52277792743059
u_105837,25.085289006023018,-6.058320436538992
u_148418,55.85863906111306,5.916260625072041
u_181341,40.96178236904919,20.070665298362815
u_40088,37.82928581117605,15.685501287441044
u_106023,36.56636448033439,-1.8524930239285546
u_6113,56.517685454532504,39.65257850175478
u_124494,21.869215337047454,-5.956113592482797
u_150199,27.870630403665807,18.880371306077834
u_74869,56.34188397075786,43.529484727517016
u_3117,28.314687772194667,3.916700110016683
u_171291,10.89572973162677,-4.885991538449081
u_167462,48.276215795313924,32.20601528798873
u_6220,27.486816740719767,19.47363311789856
u_164494,25.342002367895226,-6.709730873678349
u_126201,-3.0944093274153173,-10.17703933402241
u_69134,26.880317206393908,0.6957637662660707
u_7861,24.94871341409255,2.75820821546306
u_33809,1.2102752078380683,-1.4512253486472628
u_153141,36.63438856764748,21.057255221009534
u_129385,9.200883743685871,-6.074490482866321
u_6232,46.7074832171817,21.5433500831772
u_60372,29.547364260682254,9.19737944418774
u_72132,39.268494238296626,17.29733034656
u_154323,34.904378468114096,15.812610211979969
u_160673,39.2084131953344,14.483624631180476
u_83014,21.203582690430054,5.463024887077539
u_117611,19.006872804145207,-4.879695932691894
u_148822,37.98130042944149,22.558911970725216
u_70781,21.90122094078572,-0.526982271146287
u_136780,-7.872628708718126,-10.306810879260647
u_95581,30.037686532261397,24.559912417571745
u_60174,10.974544504597805,-4.031930220569675
u_161542,42.20850708891143,9.60584869124742
u_9263,-2.556070136236631,-1.9126219271666969
u_10,31.127515132732864,4.3505210396690375
u_138286,50.119999812858154,3.0421945843574787
u_64862,30.84829019461515,-1.292742232035045
u_152614,47.72270574316207,46.03847165516805
u_19745,45.10111795257081,18.460489156002875
u_89012,61.823003273359724,58.438264402091484
u_28987,71.73975877082049,76.99680130246878
u_45601,12.14868898143085,-1.605710858800736
u_168713,25.159917457095258,10.311160813219912
u_21995,23.594642147224167,-0.3838112749959675
u_154630,27.290527918360528,24.151182813553422
u_44128,44.94594377916965,7.889406992721972
u_279,54.198039997251065,27.961574604311817
u_38970,52.62091442289747,33.3362018193924
u_75950,21.308694090328768,-4.66136312329681
u_161463,41.48079454159505,22.39079251386789
u_104368,18.195944908111677,-0.10460645893632857
u_46674,37.31054975663794,10.916725518197072
u_22731,66.1273556212462,41.52562046756108
u_105711,31.885451571314867,21.483521732642252
u_111083,17.457792200736687,-8.021351960231478
u_40688,23.429023393576863,-1.8214774531306497
u_181808,45.83616113697792,37.43351039778493
u_124693,12.40860925634031,-2.453327213493878
u_9191,63.39407609054413,53.16842242953049
u_41886,26.696595777330035,18.845236171205418
u_126286,31.811821664043887,10.362247690302944
u_128228,60.41219004661988,31.252352615375006
u_7627,37.26236788828331,16.733278499244506
u_18789,21.741975793773268,-0.5474587745520805
u_153830,30.92185514396837,2.4752872975392344
u_55971,24.49814107710617,2.9997823599978806
u_21111,22.736682178998187,-1.5610911842433672
u_144507,24.15632932871762,-2.9598737633409207
u_175106,23.133109640757837,-7.195294065566946
u_155046,30.67979186613413,-0.4179920787374288
u_70384,29.36164000626468,1.5265356134739416
u_2087,21.522484097205876,0.5835033907860456
u_8743,36.94767465441937,4.273346349336906
u_20068,33.47586487939074,21.382582112801913
u_57789,10.257234296648784,-7.636485829880451
u_587,29.089750756265857,3.41791129400787
u_131899,-2.4348025171687606,-10.151918043485315
u_21452,12.784197384763214,2.9529708298178883
u_47241,24.61837830886629,1.2900336465373743
u_63977,6.752383344528403,-0.7932550397419308
u_1971,37.812924524842416,19.86696377944706
u_2046,45.42343514976952,25.49553844151061
u_133046,50.405869145507786,16.289329322691604
u_38134,24.00733001032403,0.11477667517885734
u_24956,37.730163455211844,30.791011218820554
u_29922,26.926574280663413,3.3710990858416063
u_105963,26.68956455062094,-2.089033944877157
u_53526,55.84752709167542,4.030050082164772
u_52503,56.57204131701644,9.1418934843089
u_2968,35.055568581329126,59.617349671546485
u_160011,64.27765673275469,55.237505082640396
u_161614,31.4304326095311,22.97607281401978
u_166897,25.606002021226402,6.243045458591151
u_78570,36.18566636921473,28.18592083638853
u_149163,27.630502151504285,14.9137432593591
u_30060,50.41313717470873,30.877988018615362
u_155694,32.24928383215307,0.5653021568135436
u_48318,26.13362489991469,-0.05234265894775798
u_124670,32.222566401486716,3.110815264997735
u_138261,18.177498410320865,5.626733245693237
u_13356,23.51679410093507,1.7122071979534765
u_133123,54.09390793288017,16.613609666917593
u_150413,31.17882690925337,6.664358169468128
u_101869,20.4254316928572,3.191387843264901
u_86053,37.120554149642956,5.131991641301248
u_71275,29.770950320195727,1.9774389382436919
u_41093,17.60196701986385,-2.0135054809854163
u_56513,20.52267794724595,0.41668639033086863
u_17506,44.70525417977753,26.098147455792
u_56812,50.01130206415874,34.592499244669284
u_73804,51.118671795875045,20.60701558330078
u_539,14.65972098339011,-0.27164197067367074
u_133008,20.549055928605494,4.17823544790278
u_75046,20.62810219628078,9.454528594514665
u_169869,44.383889873260244,25.67411626077394
u_52307,42.21881887285628,3.5291576861664287
u_168706,37.3402313392931,22.952249593985403
u_58535,67.54584630733358,44.64609718166228
u_142458,6.685629014870766,-9.938866792213963
u_2771,50.097442783688635,13.559907253918611
u_160284,47.308046582208426,24.566876717335138
u_73819,27.751784276415037,1.7880717869212082
u_89290,35.95969531301243,15.121815233918579
u_123561,32.997962435997515,6.802571076961975
u_89403,65.4493300345398,11.845178239396523
u_41796,25.5849709847259,0.645593851805428
u_45744,21.069845946866106,2.8110179571754887
u_389,25.911565248381443,5.480510323369938
u_53617,45.47770773951988,24.721580155031134
u_103327,48.22496505219321,9.546185778980814
u_61978,25.50847775174651,0.10320695504424167
u_13073,61.936795089492236,59.25161027864317
u_5969,-3.499397151329995,0.16144210798450034
u_47594,42.15172802087194,2.9692255049467007
u_35410,38.4728745941852,5.870621834157652
u_86576,34.102594586898334,2.2197642076710693
u_126047,19.868430382325364,2.5875298626636196
u_80111,28.889067454955583,8.269841585113893
u_157436,50.061610543288715,35.476813761401964
u_39727,51.789122688388524,36.45957339709634
u_31283,57.35510285480123,28.730497940219045
u_93066,14.605535035534688,-11.056625031950098
u_157321,17.826751409330964,-8.032467874901714
u_105456,23.98928461636414,-8.154051767459535
u_158763,26.981715095063503,12.503406242118539
u_56440,30.342279833336047,20.452346638327782
u_31612,-2.2619558889156846,-2.89628085933496
u_81653,27.34872553944757,-9.316972548983403
u_110278,2.0152527144195465,-10.311594423897635
u_155577,43.022101597407776,17.358125146383514
u_2037,25.379134467635414,0.47987680632336016
u_6533,33.28317744971274,20.142017774939333
u_7479,3.7893951556113,-3.360955805405971
u_162184,30.27945885085269,25.765680140637816
u_75884,51.45098938797151,6.079127694308022
u_24633,29.845337606864174,-1.505847159076168
u_90428,60.56238583400313,22.242402116596512
u_42867,20.3860855209356,-0.32268215830519253
u_23708,23.599803821557796,2.2276480204793536
u_78024,49.03890071802101,24.584772804083478
u_118892,41.40802500449034,19.774469626831685
u_116616,17.403719471966866,-1.1992656799272952
u_14169,10.386891099993454,-1.4626893053032906
u_160792,44.28143803617304,1.152143743386546
u_118381,26.700849737489744,-5.352342173494246
u_2177,22.457659307864628,-3.050892286818827
u_173155,60.19996610921849,43.7282009676511
u_46428,38.10437193239384,12.568317421091985
u_104192,42.62257332219207,15.432369922756392
u_19743,30.305243815340866,11.335598806211568
u_123121,27.04060337907212,19.484954603636062
u_93692,27.339183971697953,-0.9070471759931766
u_137483,23.006751900651977,0.025514949484638765
u_28595,13.861710961657174,-3.340730395067561
u_168745,16.911533910281598,-6.251434611124549
u_147542,49.647831774640785,22.494004045710735
u_143890,32.05236178138192,-0.07625691069535465
u_240,28.270570468839736,1.1848500115055185
u_127762,59.21062321968847,36.55611466271167
u_7821,23.46047903742611,-5.984244702910104
u_151261,25.55167829990547,6.3067377675924705
u_181837,42.40659584281894,16.878011239122927
u_87368,42.9002825195438,27.92460168428307
u_35789,45.61493689507476,16.3013712112085
u_40760,44.39711022057199,10.097028409641485
u_28,55.15003770163551,38.314314757606205
u_11676,27.830475456411516,11.507693647691687
u_229,45.97038729219108,23.61764535563041
u_79930,33.7206047877385,-1.7730315726041588
u_161167,35.58868065964976,11.591484061274219
u_53358,29.550117386851888,-1.7490541342001704
u_56758,44.646273151013105,16.435004037924582
u_43626,30.610623780737022,3.4055112552300675
u_163468,37.733711454642915,18.272402390712372
u_115413,43.08613629961475,17.493379960263383
u_72863,19.565799076541047,-0.975678775248367
u_83173,41.07975795109827,18.587322739915745
u_112028,36.60866844327811,4.870598072102043
u_88705,19.576443514597273,-6.638930994548461
u_105245,33.87639109647335,4.2967503992396665
u_3094,49.37790446446748,20.54988564735021
u_61182,24.38634570787379,-3.1633890985768143
u_60739,34.34480415544463,16.161426732277558
u_15523,17.46561168942469,-8.961912026173575
u_152958,41.56016503953108,-6.688566830057962
u_73478,24.769010900933452,0.3780807609398622
u_66467,9.833746317385728,-2.6663728179710438
u_5219,28.833457667569203,18.494526409335883
u_7325,23.92916685495106,7.746380849433614
u_82552,50.13969080611949,21.734810516976008
u_137342,79.24151424173213,81.23640214346851
u_102048,49.13453606235376,40.43942426131223
u_148663,26.06407290090756,-2.9158605188418294
u_18000,48.03477422418932,24.186043968641492
u_136334,17.374422174708666,-0.4713279440483414
u_90452,41.277652262453564,35.78875596289286
u_117,47.083941495562286,38.195961374408405
u_87632,26.16991331713265,-6.16888955475521
u_162692,77.52717147725932,66.45687971964752
u_15335,77.94238848076952,53.78507658088691
u_71040,28.116979068149575,5.260951608424057
u_15976,35.11050171905856,18.12488169535231
u_151077,32.91312058267957,4.909319833499326
u_16295,9.877640135225406,0.31530744979559433
u_110637,27.30475221346012,37.33851429355066
u_5004,54.378952982736095,19.843256008778692
u_160916,21.467083761240556,-4.733113825359043
u_39992,44.47022891413425,-1.0603205090291126
u_144618,34.26806441514631,32.13571780564908
u_51523,37.75331138267775,13.288277940271634
u_6487,41.31686401613518,21.494418965246116
u_33786,35.495590251304925,27.184709986539744
u_143120,41.34483775949636,31.128658338541204
u_80756,23.596183211028237,-2.026974091523328
u_172467,31.986990956466904,7.7694701557959585
u_109115,19.97347846393749,-8.457225012333241
u_29414,60.633264560968136,28.93336790686508
u_161249,28.694965040301827,0.12747201550038129
u_6639,31.211358714919395,5.2670709661026756
u_54284,27.259637458714796,12.405633773531319
u_117515,26.160149303001027,3.507781233573686
u_6731,13.319009619721612,4.170017444576906
u_26415,45.77408079965863,34.29117735956964
u_119884,23.98415684418729,-2.8928727004749217
u_84614,42.10483358115251,54.27855834997729
u_124485,32.04617584336035,-1.5305747802574459
u_84561,61.6394758139958,63.662438259785155
u_135276,36.689466503283725,22.289225338158367
u_168767,16.795044071767354,12.185708008781162
u_141420,44.34618250773521,39.62549730827924
u_63506,37.18379683241092,3.463295193828598
u_27748,45.263760702875686,56.273565991830274
u_177036,47.94819407650276,17.02077337384241
u_49281,39.18866670632732,19.963251058854276
u_156592,32.448399389322,0.7499894412014713
u_49617,41.866182958975514,8.854876692103595
u_58438,24.5717081994663,1.311145593485362
u_110105,21.17599472933723,-9.16649223076567
u_160630,17.63646884146022,3.3121777761368048
u_179,35.05353832546972,12.478284720392168
u_161129,47.83783408380858,27.436064049302264
u_167600,50.969564037429706,49.123672282741815
u_28381,32.999465695541296,23.781944167388183
u_66924,32.38930108399637,40.67934599517651
u_123573,28.359854386911064,1.4138583446307877
u_143510,22.360862221622632,-6.810642999127779
u_74,35.68186053674828,33.27236037062395
u_142550,48.00805446113536,18.60634067387455
u_39689,13.921556979967885,0.0787084757673896
u_106292,26.700931752144974,9.976392898436192
u_40307,75.18146519585945,59.30110094074464
u_146560,29.541130788474888,3.8235222457659073
u_1438,23.72179784229312,-0.039912162408278454
u_70918,61.03584464720784,25.391901313964404
u_172843,29.02293681056031,32.850434018088244
u_101516,28.613406762899796,9.089397233533084
u_8954,32.89586249976972,4.487420149136859
u_154154,36.80249604829464,3.813184340686177
u_38292,28.628435026810525,15.156068542503426
u_161342,41.27158624720992,63.13470915095093
u_514,39.65579764146365,17.521512787067113
u_154329,37.15861977240591,-3.144568860608171
u_166663,51.94401893432575,43.09070688241905
u_82341,26.237176467558733,-3.3584800607510243
u_72304,5.435288623861205,-10.146937466990847
u_30037,12.719669865505432,-1.578297814363271
u_45114,20.247296335605242,-1.2271098612258955
u_76216,8.688653233834263,-8.597331319431467
u_113809,25.067002889897147,0.24564248734830116
u_144613,36.611356211907115,-2.44634471582457
u_114460,28.209609801617507,0.8369323144842853
u_154099,12.41953253375837,-0.28788595813039736
u_15646,48.46382848446407,46.717076990003555
u_8848,32.83150219295764,21.014962858803006
u_4029,36.99783397367682,25.183683614843936
u_155751,30.273947419892753,-3.884034205354042
u_23446,31.068899706796696,30.22405354305891
u_7888,28.116768057548057,-1.6302479631763376
u_37895,25.851674644831785,-5.103843406907644
u_173560,15.286615299901841,-6.757304481919997
u_94874,32.472136963851526,-3.061644112449189
u_162098,46.06031732750011,35.745156288503644
u_22261,45.072421341709074,32.4532091852529
u_74989,57.58206086935295,46.403726550252564
u_152183,38.34814489486276,14.869899257654657
u_93295,63.574645534243494,53.57681657315038
u_128861,36.75938585874519,15.344590190842158
u_60994,55.60576924345842,35.45004733614242
u_680,38.1364466855573,13.090510051960987
u_148833,26.70432272198185,13.176511502912557
u_14898,27.026034766607395,2.762146799868035
u_86946,44.37562885507203,48.01630965084573
u_146446,52.30099199875134,35.42161726516872
u_41070,29.68664997474522,1.5958597258907659
u_78370,28.81875322674928,-6.660693750792403
u_57707,62.82785479222516,27.49484882110006
u_142454,22.865944410000935,1.077821558321985
u_179012,34.686600658726306,12.942663298482712
u_163853,29.706927167854978,11.921535281514531
u_25917,23.01430378400991,-1.7298322962143289
u_110220,58.87838145441083,43.004534151225705
u_42026,33.51244682311687,2.6031363516885655
u_21080,15.671371564827462,-1.9339126813909575
u_4095,50.95130361737082,38.147160601080444
u_114239,21.053743034159332,-6.15433113376015
u_64279,28.44021025950486,3.3533558291408014
u_103151,30.764617378192657,2.26649768823504
u_23135,32.97059256705969,16.70211831497854
u_137349,18.030736731715006,-6.546991712767936
u_29360,-3.3633235703220596,-3.2879893972156458
u_1181,19.793845511564257,-1.4622536291820845
u_118336,26.925179800883853,-4.970237728755327
u_37708,-0.7186941672887162,-1.2265088396839086
u_41380,6.271858897295494,-10.004199329274774
u_40036,-1.861323144332085,-2.057841851121728
u_700,17.43187451003165,-7.562643031930078
u_46245,33.54405989581434,4.150547946930791
u_113946,44.510848296742154,7.863883407137095
u_68270,56.49639489091712,1.5239107667736815
u_59445,23.715943522313736,-1.1550618170604512
u_166877,29.73503165920269,29.414039355312383
u_2108,21.000575736927157,-1.5352032413171368
u_110245,79.10386099666444,36.982313004425556
u_216,28.559202377387656,-0.479911519693247
u_153170,37.51127530790076,17.47603888634018
u_49325,24.257855529023615,-1.1653388169500716
u_128569,53.54633636820884,8.664558901618076
u_135889,30.157647290592962,2.007374076480673
u_102658,17.756247434032023,-1.9819687502022498
u_46102,25.08479447514762,-6.628040821263659
u_76107,49.48769450349321,1.6297879995941222
u_32099,35.49608371389009,21.28615459041591
u_37158,51.59902624099292,25.737746332686182
u_64789,45.44049352247584,15.404245623170922
u_136616,2.5959012039678857,-3.924241091557987
u_80861,25.096529532769885,3.5854133967170227
u_69040,23.032864271700216,23.392376099378733
u_59506,43.7282605048728,22.81290794044675
u_25600,60.526451663637424,52.32074098140393
u_142,60.746770723389034,55.90426665602986
u_45450,36.28926792009262,14.690357551814488
u_13405,12.161244136518276,-1.7624482187953519
u_90239,23.5005696164895,-0.02466530330064699
u_260,24.41768001197169,1.2691633403907394
u_116018,16.567961766636433,-0.6005613591580233
u_174826,40.89609583319132,11.647397607338675
u_162695,13.034919362255186,-8.645594359402638
u_24140,37.44843871336615,27.869192348465415
u_101806,64.04750804757359,35.504466672228276
u_134520,62.43452545624894,28.35220752492284
u_36341,33.36205580163712,17.866700747979028
u_17723,29.29562642719534,-0.21588744619187433
u_162537,41.39457704240138,17.70484193886975
u_64765,20.565689744803294,-2.5975471752062385
u_41986,45.81491296658857,7.122375065692181
u_71066,22.868110830088316,11.586361827563284
u_46991,34.22943635035826,6.229776222865122
u_30042,41.92012545156005,30.80732802576353
u_84828,44.95775529210221,23.576997321546575
u_54568,24.392932116660216,2.9774678916007415
u_56919,10.250913269414356,-9.516289685082256
u_151922,55.60788883172034,36.62794773444917
u_75041,27.075054706281083,13.802679156101327
u_140853,36.52783691314854,19.695501918128375
u_154812,36.76966466683014,30.4784686982366
u_6065,38.74944995430484,13.16980991231974
u_25873,33.74448748177731,7.715436742238325
u_75554,69.73159590792754,67.49767180772174
u_3285,58.10574719824778,40.63946264066649
u_153110,34.74828863084346,28.626415170910963
u_129440,22.961074272237013,-2.8465708883191145
u_27450,30.230150951758844,9.982693512672302
u_88625,25.428042899112803,10.078848608981156
u_133327,31.160603744276216,49.82596832168755
u_1548,16.9017955221753,7.853077702024512
u_112136,28.625400438514834,13.95577133763673
u_145013,37.19679391475739,36.60200590092906
u_31478,29.912973715615745,9.06503600055667
u_7245,26.67059147573188,20.653130795814466
u_89106,35.297134977765516,44.821257117993575
u_78897,8.464643266060227,-4.974303232484983
u_38426,45.13926414480449,8.6685815394701
u_143853,70.52302837167976,48.1665379748956
u_115972,23.1029034573576,11.75359638547737
u_138231,54.24080068812332,28.12958526629684
u_20365,29.75146839185487,12.322206663051503
u_176753,41.776111910099004,32.7989072522693
u_47861,27.65723230922205,11.565605444599946
u_155292,19.84765392544532,2.9760338159310935
u_123685,38.97362336143094,25.077497769196558
u_127749,9.271600132254795,-7.336679029703305
u_12226,45.157841499846874,18.936438843828068
u_5120,26.926545482500867,12.594931415755648
u_26221,23.956107915889152,0.4180000875393244
u_155815,36.63424633819763,22.175960418606778
u_33547,48.370065756501454,40.77360739716049
u_150642,29.186087269328883,-2.1128312059326686
u_70031,13.578640556490933,-5.0009278670269905
u_92339,29.215723230557728,3.3685589565578034
u_115788,19.635157843793955,-3.7866662515158365
u_125855,25.838143137837918,-1.3364948684264673
u_40621,58.43477241924052,56.02116463824262
u_120551,26.511013816010216,-3.132963889591332
u_108181,11.920329543482781,-2.463176373920679
u_93796,15.242484642727048,-3.88170559648464
u_24776,22.387407162382257,-3.15333123022034
u_1029,39.64202915710639,4.638697938033484
u_128969,4.235505880984827,0.06467846388775689
u_157939,40.94579124839924,23.217613604481603
u_11492,34.94550539933262,13.191222485831469
u_83419,14.347225985290716,-9.325520122983635
u_108441,40.33142336440459,9.762845998097417
u_43497,24.34356969620572,-0.7174609466779854
u_43971,34.09751703524633,16.3676895878227
u_86016,39.030531465644344,10.789365754141896
u_56337,33.75927617740496,31.455016687380926
u_161289,29.601761681119427,1.0500432398528472
u_120550,24.642089258825447,2.6556425903503325
u_109248,44.61941437194775,52.221288881964526
u_182115,36.4487620793539,29.303974705062977
u_55120,34.378342726603925,33.73541506194757
u_32335,27.58544677549495,2.0629982449554816
u_728,63.61490828132375,41.30258069810912
u_160446,13.36188374703235,5.81600310372438
u_14514,27.555879914244013,1.6475402513593496
u_168117,34.56850356250089,13.906035843479975
u_13512,30.91242764186775,11.350661479235768
u_9579,17.026907268491655,-1.0569385948147993
u_39693,36.02522192074219,26.10522223848851
u_156164,7.92092815984545,-7.219720663224062
u_165878,35.01740705950092,15.803863683647732
u_149478,57.3363556220724,51.249717452367264
u_28449,44.135915481667084,23.31956688191888
u_126839,33.46964352037799,23.679554079190805
u_33245,48.428688028990386,38.27611396470766
u_49943,21.299580205518076,-2.2666307520607223
u_48898,22.068283732729927,0.42610889093819093
u_134691,6.993525102313068,5.3437678711435375
u_95702,27.125305425265836,2.258545568378657
u_87485,18.804153910591584,-2.122185176967818
u_23901,25.170200180537964,28.453895856455404
u_142414,20.347621765005545,-8.743029384365386
u_5517,25.926285863459754,-0.9752443513190691
u_3152,44.931325021252995,23.660254420007163
u_130024,54.31333098735639,27.86144961752207
u_157658,46.74170544989326,19.658385040166866
u_56162,10.92063614901263,-4.150123108989014
u_153493,26.357926293631422,12.656357497321348
u_157974,25.97243565118351,8.038629512944148
u_151839,60.60195183772114,57.94819974356378
u_99999,10.943644966700719,-8.821262911552216
u_845,40.172735273610044,34.74602349213757
u_15254,21.533363203597744,10.873240393487105
u_153544,29.486834982618106,4.3375493095653574
u_61399,37.83773991355856,19.874581480472607
u_4674,0.7386531939594769,0.08913210818558734
u_108010,42.38109541748872,0.4734934836620595
u_35270,27.527540454737935,1.3661914915798097
u_163529,26.06519347438436,0.14727264691952796
u_112375,36.393496647133944,2.159048800801154
u_91833,43.13059734121334,19.910074741375155
u_36407,48.613762353028214,24.751328365899823
u_63,34.20074974421371,14.323611999733716
u_113400,21.69374663802431,4.641649394212178
u_44169,15.564481352052454,-2.907295154423688
u_88950,42.25273293022565,21.340718303236795
u_96845,11.781599663384807,-8.03453500195287
u_16539,37.06765842897574,34.00636144245167
u_119441,34.11042471904377,24.346591486756083
u_3129,27.116070890675534,4.511676663552577
u_1221,62.255816263780886,33.46815197735623
u_23030,61.85150926436092,47.670832519900664
u_174004,30.68189285866106,-6.013010792079782
u_30077,47.13398276162182,31.543660785015618
u_162049,33.990495670458394,17.972126396037098
u_93000,33.70313959527188,0.33954228966512584
u_164854,25.283440650952897,2.8101219228689747
u_70617,-2.1279738151892915,-3.8848566927525634
u_126524,31.976162398438433,10.895745578985325
u_162728,33.205844479696935,5.930982424786123
u_3056,46.18342536861397,21.2099256864778
u_149801,52.62805490057569,37.49152656882757
u_24229,46.04509952647596,35.399866653149154
u_153889,45.50969055230234,42.37999865439798
u_84521,15.803764579013931,-7.149848397963215
u_8271,18.227147455619924,-0.2897393607144035
u_104920,24.636345076090628,-3.4861454633439126
u_104571,23.679979089987633,-0.449244903063401
u_122917,41.374298888542214,4.321316647035255
u_78549,27.23483561094258,16.76506178856425
u_84318,16.496422413830647,-3.1884986211443196
u_81921,36.242029295864185,24.52458676109366
u_161687,24.46578617097971,5.2465714177176155
u_63195,33.43615969824387,24.477352637309476
u_6654,28.882766700802023,0.7035372879614071
u_142594,35.5151888710794,21.322926100493845
u_14392,25.68844937931818,10.862400405454585
u_165001,52.81433534731358,18.43125003815315
u_131295,33.59042237580047,19.903582247244813
u_21634,52.89621418181982,47.30807106628509
u_59754,36.616746161635824,51.322344325138914
u_2815,36.32303448252141,28.019614976036266
u_124695,70.62386923783262,53.0854650309969
u_143588,11.022909488555092,-0.2601563316034887
u_4659,45.084626934295684,38.586786453914705
u_19902,26.63696330964677,3.283561782814865
u_101480,33.448522470418816,10.625359187028149
u_86,26.61444890273468,0.15263741539647838
u_54951,42.26340001887154,13.921369282020356
u_21886,36.78453118421641,20.530248243147177
u_9229,62.24008756191047,41.64296783170336
u_589,33.36465538135026,26.46545046421017
u_44321,26.173356588159923,2.404628243066091
u_8724,22.07574522253708,6.2527086743857065
u_135014,15.904213418164447,2.314598299767038
u_119464,34.730309703007315,20.58077876984853
u_56386,36.839872279444556,8.496308163158915
u_120808,19.051839673756625,-7.939690936016341
u_171468,27.744954641858225,0.6007037905576574
u_174658,25.713888112582584,16.151502229824597
u_36497,32.91055870421924,31.87833085730923
u_39733,36.25084619570616,11.894279848085903
u_165530,40.835220312643074,18.02679193797857
u_35890,40.66883146265913,5.679747967355483
u_62920,19.96126226811337,-1.3589111290011031
u_162088,47.161619687984114,22.575657072407097
u_31376,34.32382118402504,23.765091858872633
u_110536,22.68300632032908,-9.576869044649301
u_50988,29.28327314433598,11.633715281214222
u_57502,21.685606267806648,0.3498984655132991
u_172944,30.190983368037806,13.816699992796451
u_156439,22.66738828729317,6.027569321423693
u_55777,51.31810196599514,17.90757134893756
u_32541,14.812468494247806,-4.753486139926318
u_150508,29.539119356630536,12.406803110996314
u_116061,47.72789723038011,24.94212126170282
u_529,44.495780948235044,37.436343538928284
u_12252,32.97904167791425,11.130646620075714
u_80473,35.26248067751714,28.288703571524128
u_106569,27.01150469410863,-0.013697291139044868
u_82808,23.43179977362139,6.015796206675773
u_130056,30.104168141289634,46.11314594324718
u_28174,49.2482384636459,39.05566201734069
u_114223,41.7231955638975,33.15208488929245
u_135739,42.15734052641915,29.48504061611737
u_31573,14.35365341524519,-7.721342371784479
u_155919,34.62601901204197,16.109253769061624
u_56471,37.88115093606149,33.54089351977174
u_32429,22.333027094473234,-6.843392717531246
u_48154,24.767678485769554,-0.08795065810579916
u_146051,45.11358853722523,21.862585365227932
u_140929,76.02877061800123,53.26541755478986
u_124486,65.1452944221957,45.7863908905878
u_4040,30.804648927426918,6.2495062598957345
u_120451,31.32414552654521,21.265381026101533
u_135595,30.64558266805664,13.034939687152619
u_155826,31.73279098138863,21.58699217198478
u_128522,19.92062101246505,-2.175088304933029
u_29760,17.078905514861766,2.854138379499737
u_103561,7.831659805627638,-8.699317130573332
u_44488,56.9369298811792,35.583472224804986
u_6,1.3144690612917551,0.6350269665852474
u_143405,32.52381815810675,7.789781192763308
u_14868,5.647124960962117,-1.9948488736002978
u_157238,38.421681992076266,38.87895590769318
u_12600,16.548295458753724,1.7273829947010941
u_33658,21.009742748985246,2.5871915687473677
u_567,30.14378638823724,9.538209223903227
u_146181,61.929193974867616,34.0727654255315
u_75011,60.154145357758075,42.16628701931875
u_12723,44.159641934645194,9.786246980417836
u_171590,33.78284899769367,17.953051691544523
u_140958,12.317714867441602,-8.396887056890714
u_92155,9.13098182865446,-3.7963295653646805
u_85140,51.16630012343389,40.86955521853902
u_121266,34.617573566434714,6.091140924189287
u_24003,36.53034806454782,3.2281910359599526
u_73443,30.95884889499867,3.6527867504604385
u_9858,7.935357112849187,-2.407944446744899
u_125853,52.976586314353625,49.70135766800869
u_169513,23.863943937986424,11.285284790630044
u_61916,31.456484437819025,7.620271033277016
u_112794,29.90508271242886,10.314642637748182
u_136845,57.90272241599524,34.37797316584243
u_14256,7.60575377538145,-1.5166937369234348
u_46856,59.05029992316812,14.678654748048286
u_56977,21.829815361009242,-2.6547761608389115
u_89788,26.776958920267678,3.4502051019545825
u_1141,68.59886124380952,23.977253207960082
u_108927,64.29156127607925,52.17579459511366
u_2861,22.857821607857716,2.637285799991268
u_46815,-2.7177137696324474,-3.8393181464191226
u_17498,49.99759042758826,39.49644940034346
u_21234,36.66668380671994,16.037966478646265
u_4773,39.47588631912574,9.838912934423286
u_108279,22.488084807305196,2.640480377108906
u_118240,31.26658066327903,26.126419070844662
u_42562,28.157082198305527,-1.9205850371124806
u_174313,40.10346632972878,2.122676933248768
u_32430,44.042588842012506,10.538535381715462
u_52330,29.06482825844888,15.653298757424837
u_53035,30.32193649396417,1.057010165811499
u_76146,50.641282676100516,16.624336189719692
u_7568,18.826680443701576,-10.28469115485626
u_159031,40.694962489356456,9.320728403581885
u_39520,35.63486353477107,3.811643426907071
u_42413,28.121708291721113,-1.7557044923315714
u_91386,37.96172590130885,38.79810650523395
u_170758,19.104029478978376,-0.6049202545151005
u_56226,39.32103469950228,21.31149984475765
u_53863,64.81369084393496,48.21159740030574
u_123750,15.76801784389568,2.0547086814830324
u_114141,41.24951623623497,22.1033287603605
u_173419,66.09416209865711,59.91739137922638
u_120746,51.43063815684474,56.15122633256855
u_33288,45.69072470843215,26.841515443927513
u_160628,30.673797500708325,17.54981109465157
u_5508,28.93736071992879,7.234467634253441
u_42592,22.316888937486922,3.231002935576496
u_16207,12.39446471099751,-2.8402914708784923
u_53812,45.25792150913522,27.695900298309958
u_53819,54.38514994295078,35.422444400263025
u_40039,27.45129691552404,20.73701821316225
u_128759,37.080380540180826,20.749647721839693
u_2421,61.837148791891735,51.77055785680173
u_59051,23.858307346231697,12.647680987945957
u_31729,23.70587756949284,6.432868919195511
u_45932,23.80333291193836,-4.767251707652471
u_80028,10.422941656647414,-3.306610697010239
u_11701,31.409324769972415,18.18586668667402
u_154101,40.90300407459613,27.94741517539843
u_9866,32.27337396961007,-0.8117911932504227
u_92628,28.254251717487882,3.6002018001863005
u_78093,26.337195544392966,1.8564139671069213
u_36560,20.243468810443797,-7.292344401703641
u_48953,16.101914665498644,0.5639567522790813
u_165638,30.21489053869778,12.477844277616416
u_145197,63.41057960014988,45.537916096512596
u_9174,40.6139900891783,18.18953039071893
u_2863,61.11484551364913,40.05007987033757
u_28049,32.517389108645,7.156750184440727
u_53970,46.54876644662179,13.00868959586895
u_107036,61.1082855200842,41.37602919987308
u_70459,51.2417021649598,39.20164831871951
u_56589,31.772695252270562,32.55852302977373
u_135189,15.099195629571565,-0.6557716965434948
u_85349,37.472440383279285,30.242727670975256
u_42874,58.90304683192754,45.14900226258474
u_83418,54.158005256371446,10.149107411759363
u_96495,27.955323295064794,12.006917580229599
u_163404,27.611291979085575,4.932764665564965
u_20257,24.197250316711756,-2.8792636102222087
u_18558,41.88031248986975,31.660022209015217
u_154917,30.442114379176424,4.452090428576945
u_5507,32.54627153459008,17.78042294825047
u_11202,44.494056858321414,9.464938605621773
u_128557,14.59652970549297,-1.0985932716860471
u_47419,27.29597858450138,35.17604288751093
u_147298,53.56418048396896,56.14806426034129
u_159060,30.71757562743818,6.5947108937775765
u_6236,65.63396976437959,57.49187487602429
u_89388,2.013386866864064,-3.3968188958293504
u_7439,26.2419977354762,2.4266550279084322
u_163564,32.59065765888013,4.159001653817161
u_117166,46.49383399204118,11.390082530561633
u_138580,65.32456302763272,59.22567620604711
u_83279,34.777167163225485,25.025485352313844
u_153639,47.732926536178134,25.343631029743396
u_46725,27.894575076194563,1.6464648047325612
u_78924,27.848852237517406,7.080359472065689
u_37518,39.86450517928273,12.35560044597793
u_160734,17.114389325433947,-7.893215611946736
u_42762,42.36849013227433,4.323533091989129
u_101209,21.428814193676487,0.003780455149210045
u_47212,40.713291006198325,16.84893193987018
u_79204,-3.8363062848461857,-3.9877362140450514
u_29204,22.87380862079822,3.363485382830286
u_51809,44.47921217653856,33.474124011572016
u_80295,17.205794788643754,-6.29023250941035
u_100716,36.77869897094702,21.924356364221385
u_164353,34.0513743250941,13.47965446275959
u_20944,47.76410772400529,40.896446133152345
u_48374,41.322284774776904,13.77872628582169
u_70128,38.358226793895014,27.167071226984532
u_31974,26.282329260127415,2.151243445094179
u_155899,28.87701870486353,15.162126406776624
u_159313,52.18238786673132,45.85089077538608
u_157704,34.6728184707048,-6.882405834690175
u_1270,20.535163401169726,-4.576163772421558
u_140316,37.81152594550005,10.318762363452109
u_148795,51.29933051784809,53.99199640910849
u_73160,41.11293151207388,4.832815823117789
u_107402,19.32053202259177,5.594721246238884
u_61555,15.325011224140592,12.438361411962966
u_56615,36.16398747954045,10.748006520253092
u_121800,30.377357576978127,4.882408341259704
u_17173,37.176036205178654,17.143696973979544
u_7097,20.09109778193451,-0.2085563214546332
u_142647,29.12258859321939,1.8773172654091288
u_155950,29.868422282562232,2.569395903576958
u_14526,21.86412105618877,1.132423786807129
u_35735,39.876688569855176,37.00433936974245
u_156961,22.016850500967752,-6.911732733691356
u_33908,68.75810228805896,73.789633315526
u_22880,26.37234873716381,14.980645179087997
u_71043,29.686300047843773,1.521151174090679
u_156093,28.088939487974272,-3.874853736788292
u_1016,48.21628937195503,30.957038110343476
u_92176,1.1681612807177786,-1.0850520133219026
u_114,7.008072969015903,-4.9909827375170845
u_56672,44.56460317174176,17.62611518037203
u_26809,25.08939361900596,1.2023613319412574
u_150170,21.092138915815674,2.5579685960933523
u_171690,40.83609693810188,16.711787029214758
u_100127,23.958268370466044,-0.23189887455113084
u_33977,60.01121220041544,16.332081727144256
u_88851,17.35106021355468,1.0058924400094338
u_4418,44.51734105926892,0.4590521595930199
u_79838,19.781180327532613,0.42948893190486825
u_116794,23.889506272130344,-5.844492169533444
u_38230,30.723727712307703,23.128998472063554
u_42538,20.58097531027534,-2.3776722302809747
u_29382,33.8919528427212,13.686087594042593
u_21494,13.195966258901594,-9.710605669370597
u_46698,40.39869138251928,35.66134027104492
u_30221,7.798665176928887,-8.938020775783995
u_163121,26.557658315842158,-5.410124246919256
u_5824,7.702227534605135,1.5843364658021721
u_12334,27.385747653497223,3.332236440530313
u_125791,18.58878895935994,-4.089705329665672
u_58112,25.426767613875207,20.982045370121085
u_20491,25.514659910134274,-2.603800164913834
u_127888,71.23703111979229,59.466893744692314
u_79126,26.82281712160394,13.68000882469055
u_70829,68.54450297988588,62.822069253947355
u_156679,48.125998198911184,9.565786937246168
u_5462,53.4128786938501,31.483259928178967
u_11126,18.41700971155799,3.3972825678186567
u_156982,53.32412350648476,25.867746373235427
u_151366,17.58370063025782,-10.143862242717722
u_15238,42.57169531127033,12.3769741890323
u_45530,43.65173031303389,5.748657203514685
u_136745,-1.0518279559590817,-4.092599987323259
u_120449,20.51947931474761,-0.9448480670007731
u_157455,51.12940173998067,22.383193703674287
u_12006,35.61855878689775,8.032857750376838
u_155874,15.590182335916557,-8.915582510284063
u_18307,26.02451346098912,5.37979720749044
u_9754,30.097835117600493,8.84013588228208
u_48438,34.640395201379185,-0.3322597628862033
u_13935,51.45384062179546,28.06332620184601
u_72751,0.05200275640308883,-2.4048748547843553
u_124804,52.71267788736192,25.911418077832664
u_129919,58.59711222598528,56.19972470378326
u_180769,31.109560514150015,3.210488801823849
u_104915,25.14486348753904,-10.163767810299179
u_48356,28.813550882386043,-1.6192426638891477
u_87678,30.539540425710413,0.4622917835875774
u_58674,35.076581845434816,10.07687861540717
u_4310,32.00966424966565,4.719431726031883
u_54331,32.821568278171924,-9.079389972276152
u_165758,43.357280439308155,33.18329887882036
u_30580,51.838866507858974,26.929829949829628
u_123726,15.320043940426013,2.3397423069079455
u_155319,49.11276341776395,38.652382467909696
u_160828,30.013111784140502,20.01830633222175
u_67700,39.16173510581596,11.250488148880041
u_48349,34.81008192966788,1.2320569497925045
u_3258,41.43375988655834,35.94366126515209
u_127592,37.811791619725966,25.743659309597657
u_73391,26.621913754934187,-2.6116717501366273
u_112599,24.032147504115343,-3.7709901087102398
u_149585,34.085050890323544,12.455437889668843
u_18316,16.01869635152222,-0.5257497557248045
u_13175,47.75408094168083,24.785343728738912
u_30955,26.669013946247738,3.361960564891319
u_35763,60.04445410641838,57.66371970170033
u_26993,38.22049431570656,13.130221281862474
u_173356,45.294687734593964,20.418065656721225
u_11523,23.900410468582606,2.621896742039429
u_89695,27.14954016216617,4.108387072834885
u_263,56.946151914564595,43.88764807075286
u_114858,24.09417449360125,-3.8505422261149267
u_32276,24.870194027393296,8.076585303509408
u_157474,26.29369635783574,8.902890647380849
u_24443,11.029438472457297,-6.238132823121293
u_61662,48.96431308090429,24.967630826298258
u_968,29.99661135844417,8.617099624704043
u_36923,19.649304360943336,-1.5274127827399135
u_153713,37.42865544238985,14.456660995402997
u_66401,4.927809041348489,-9.708473204334906
u_70313,38.109537089242,26.44375316740695
u_8367,11.450433658892232,-0.24182457896632967
u_116005,8.658409960328683,-3.650983992965942
u_163499,23.518771162372275,32.66200875915703
u_63717,38.80498036351355,10.749575074795287
u_78144,9.951965568508065,-9.471229236493597
u_119386,25.335806541787047,-6.358394550962492
u_222,75.28548183169137,79.76012440262514
u_133575,14.248292869387136,-6.7186845060281515
u_86839,44.33971353050932,44.43291355010598
u_46295,41.34463616563911,19.951687581502043
u_36644,19.444439953189296,-0.15184399839773163
u_93101,33.56897968597993,11.847075400782556
u_86065,45.98612687251082,25.13398384055031
u_152765,40.10951490591293,29.66531302507534
u_145204,12.613474934457845,-8.025211807517245
u_169383,29.8855780579479,8.166648989853012
u_134118,49.092607148711195,22.986367175430345
u_14219,49.19088803433261,32.44944388819318
u_160412,58.241127567583824,35.24868055582615
u_151565,54.498185039620466,42.716733525642034
u_68961,0.5143522031487888,-6.7246901467142814
u_142547,34.655430896048166,28.700026383301868
u_44131,42.252586051913724,33.74658822960082
u_123832,-1.2729394063646362,-3.36335377308459
u_63060,22.73226112277955,-0.3535392528385415
u_12386,38.86858380226736,23.708110251860326
u_46061,27.38406445681732,33.73893362316424
u_161250,32.603235820482396,1.0767752343114285
u_135609,47.84006650783248,36.43466745003692
u_8545,42.65263625050033,19.462697900586768
u_1623,47.26069401677253,28.813992554187113
u_14263,14.62957752471541,4.730054672645794
u_135232,24.110543287744395,-0.0061304739926963
u_3850,39.66518763932859,45.33192559851615
u_148400,68.60888219507645,39.31720240785143
u_42663,36.03023730211448,1.9955710200998715
u_21895,33.06344223957503,-2.461806213840798
u_112051,17.238316361813656,-3.5585216153406383
u_145695,29.491392615045232,15.925336383629613
u_52333,45.835265048985406,4.188370385764666
u_1784,24.218340343646517,1.2161151374909003
u_23934,6.18309354546961,-2.8409067429392265
u_160698,47.23891507054909,39.85248000792167
u_67427,36.84245680226513,22.58929994017322
u_12953,25.104224860624264,9.932728496957436
u_108728,33.22572918429378,1.907339820420215
u_154009,56.50092917372351,53.02159108812506
u_100687,23.010615839274273,-7.36203875146831
u_13942,22.93562082950987,-0.5591583092846495
u_93337,31.065206950335174,2.373831908790092
u_54381,41.349182645827334,16.48019208838964
u_23949,48.675799836698346,34.25563035874735
u_42639,47.1122321764274,23.106063787919688
u_111807,35.55115053941073,6.984775365656184
u_94341,32.45566894054553,22.3395534679271
u_86469,34.05585388813051,1.5691621847080421
u_142961,43.75778777737858,-3.0440605538411494
u_4730,20.646825513612484,1.703119391195608
u_47770,39.262772446527045,-0.21822744308625797
u_78332,24.393724202822735,3.1941873076841962
u_1123,26.58496688485317,8.976843024422969
u_162252,38.00247430675335,-1.495408555924719
u_41,29.818684292972414,-3.9441225844160326
u_45329,46.23064866476149,27.698829588572096
u_130428,32.833899433986744,24.55919483673721
u_117527,-1.8950650664344244,-3.7302099457079163
u_41918,47.84472956627706,16.1831116851575
u_110968,33.0029218503285,21.959135403643476
u_92643,38.10018314249502,9.986542224807032
u_32083,25.92461056736175,2.9615400813182604
u_3187,26.469919330254417,-1.02225937751199
u_79480,55.78603127098814,25.22519772580582
u_79829,27.782216598293324,1.2451571356006927
u_31613,53.040222283716204,8.6122924673864
u_63029,9.857971035541931,-4.4374237461115476
u_154398,26.808675634770097,3.667301630858998
u_18592,7.932206825295571,-9.169820439314952
u_25217,36.4870788331673,17.936388099006397
u_149297,45.17039046823955,27.291214760712204
u_17146,22.393917315766423,-0.6055203399967554
u_20579,51.61694582881749,45.47477711475609
u_142191,56.71075797664613,46.4743773731477
u_2743,37.06389991853809,12.740268243019816
u_123231,17.86938996173826,5.577000840561375
u_45955,66.30735375522823,56.40151736671219
u_6770,40.521107708603736,23.73682587323264
u_158533,23.221868756593718,8.365989591027814
u_84539,25.887775715100148,-0.9687640706472938
u_172157,43.737945644873335,5.851982879231285
u_132734,12.852489889472535,4.063921392717735
u_159887,39.15158539311711,30.524600450899506
u_143100,31.857806994459672,1.0295512553261674
u_171770,22.902667046148423,-9.516319911649187
u_6094,66.22458877879484,70.61347995567398
u_30846,43.857410901060824,26.774296550675036
u_126739,56.884091806636725,41.75519130125471
u_181434,30.074948960785374,2.0265229707194594
u_85352,56.24525599605737,26.65551954815696
u_103352,40.10376257146096,21.854200541653725
u_26617,18.96695235539937,-8.00332744985984
u_172832,24.526701128312187,-6.707274456185718
u_6437,11.815709942206334,-6.489445788033306
u_20398,55.47499119966593,58.33042996788204
u_161956,34.63457604194831,14.416926348486005
u_116333,28.034969440754107,-0.2387889138402578
u_58094,30.103208357229292,-0.031961230274662744
u_111507,27.017862547355815,0.2970854368310982
u_112313,48.06232587278279,19.52038784307698
u_101897,28.273129609277216,-4.137981345201968
u_43687,24.023811628946163,-0.2429056891489012
u_12195,47.341544725190104,8.859867571098794
u_39722,8.048244734003783,-11.059111278755687
u_101988,29.353966501730167,-0.7059065766933331
u_16135,22.245030131219018,2.2500330607257557
u_79507,38.3695567481636,29.529262197462607
u_2884,12.548724093955563,-0.40615010480634783
u_299,58.8175697481396,34.18692933596518
u_37392,38.73059722775186,32.41568477327538
u_11452,18.673823588457097,-1.3590325031033283
u_171439,40.70216869233246,31.621957783330608
u_162179,28.400123247186293,16.758339361102895
u_51525,38.39808904610275,4.592411759504475
u_168630,34.50288194564976,26.05914495081673
u_138093,25.54138703132097,0.8281802231926951
u_105421,12.451249894403247,-1.234310893343866
u_3906,68.5090405580383,52.91907404734279
u_157973,16.23066664598026,12.171138621650286
u_61808,13.978861020757634,5.535945510683815
u_14047,41.73073433435619,15.63228001500757
u_30522,41.54296327197588,22.649532787997913
u_124019,60.987450604390226,39.747418717472826
u_40662,49.19125285061409,20.145248480597722
u_4755,28.282542431960337,12.771537186334783
u_31924,31.507965384373623,-0.6387793148958075
u_115995,48.13881009426204,41.88671510715372
u_40936,33.056503540946366,15.925751452339975
u_125572,21.11285222161566,-5.340086603845509
u_136092,23.244551836403147,-4.536089164144417
u_20303,59.75333463343406,41.9387908984254
u_82130,49.723637799090596,27.388957316058324
u_41628,32.118121900698185,27.43336098954361
u_70860,36.27414399833725,1.6430396094337794
u_76063,28.22620281944297,2.10741224074153
u_136057,22.663499073171966,-5.097728790889082
u_157634,-2.492246002209282,-4.440553685222933
u_12036,25.557398639427216,-4.559320088162598
u_4859,36.67341920613164,4.63767841375127
u_15311,13.837884320291863,-4.054820245619691
u_42389,23.19539147291597,-0.277155154849591
u_74737,29.548492717209946,8.468485814170146
u_10503,20.693069230121345,3.435261485691257
u_55825,28.074762593480248,11.479705023439847
u_142383,23.732216856200687,-6.943181438771885
u_156962,29.689482491833637,0.36045547313912457
u_170014,37.70311639511486,6.6277466967697105
u_166751,-1.3739873545094146,-9.869092988590934
u_37547,64.49750243609068,68.45168640055208
u_174201,22.115146745175462,-6.328461490390178
u_162512,39.91413021777114,13.71878260117304
u_135480,20.866537972244327,-0.4799118741091627
u_32038,35.45160464375085,-0.9580793473720294
u_164393,50.287738429041624,30.777049849736223
u_146791,55.246399080212484,23.345685401275418
u_179323,18.821287116104113,20.36531850756215
u_92069,19.836509329240883,0.5244696345626152
u_5986,31.758581058721514,3.840578775826328
u_138185,5.050298269932029,-10.034877074566579
u_48725,25.091736537423383,-0.36044722151458974
u_167530,66.5599205746274,44.99016208243361
u_161522,23.527388529845624,-3.167934116632753
u_177645,27.142347397700263,-1.380370254654054
u_82756,38.27289421430425,11.96472372993497
u_10941,49.390005465138174,26.86107353519516
u_121577,60.64431103019971,51.45438915761759
u_83008,30.74716526720711,37.07526227273848
u_145384,11.410968131157968,-5.955943649123874
u_31331,19.740569336992454,2.893391578166232
u_105967,39.72566034364163,37.09496831451565
u_80050,4.05163592286144,-1.0577137487767687
u_71563,17.63211558755971,-1.3991658715862403
u_157950,47.045875685254686,27.68566505002676
u_85998,17.349402143246085,1.155919260819912
u_89702,42.42863981217542,30.784465240834542
u_50672,65.7924863252189,44.86569155332497
u_170019,3.3430429755125664,-6.77577572316801
u_110994,32.16462430209892,22.886563712693665
u_54431,36.880442778390645,-1.135438147927536
u_104482,21.85625567803724,2.1491085540375865
u_38993,21.461361100969985,-0.11258478217977834
u_11596,51.90374547323055,34.848855548300484
u_134062,13.697212477108984,-3.8269924565411553
u_46010,73.73254518465387,53.60624403482698
u_79840,24.83714687708943,-4.118505071891099
u_161709,35.5442881596894,33.5986443118863
u_103848,46.59902068494262,16.10204498180149
u_61620,13.938617211144244,0.4051727481014752
u_128527,35.12364070862079,3.2623028360507247
u_27257,25.770227406754437,1.428987796361152
u_130838,36.041236005339876,13.303354842298589
u_46317,38.978948633644926,7.268417184192572
u_154013,5.5374330543534915,-8.18768528144413
u_5391,25.858043613392997,14.567129020370698
u_126671,36.37149831669673,4.824304517572068
u_66705,29.70891219533921,3.0861427519702884
u_8370,39.08194214435454,25.455781184231515
u_127798,40.888714234517025,26.575990869936295
u_60594,25.49181074789222,14.911962584592505
u_16829,26.892353956677695,5.638048013991561
u_47509,17.926570684769317,0.16085105649123416
u_135439,29.08671551387724,3.3381803073904983
u_110155,18.644873845229462,-8.444830109317861
u_157622,27.18722597279123,-6.527627752763362
u_173270,28.627013886998952,13.318861570087329
u_83507,32.097852611864994,16.114028349087295
u_41843,36.9462436839114,5.8971765504756855
u_22926,25.09510348442489,3.5399963305702205
u_17151,38.89021582824829,19.078916399242804
u_73374,39.70545571242732,13.829935390516487
u_5313,41.402895235871995,34.41624145366297
u_46842,4.556377857680202,-3.837630205261266
u_522,51.598441359738196,47.97198972287579
u_66352,28.061632516502925,-5.11461904036037
u_67605,42.96396618048787,15.585873471258022
u_151882,59.73184012636214,30.82517603282802
u_51709,55.28595097951092,50.011081736297946
u_27026,34.59436936244392,23.151494032450564
u_92525,31.9398514657611,15.148759891187968
u_87384,40.102366561109505,16.250444179775748
u_96303,51.95516606378865,13.972301469289977
u_11331,13.205626229706201,-1.5256266231845501
u_58863,53.5987800614811,35.29115426477055
u_75332,23.95027734046121,-6.961782324579088
u_163384,48.866615047650775,15.035374929894838
u_15825,12.55181003502147,-4.749626198368184
u_169720,38.73654508395726,15.950752697721619
u_5272,-0.08374719430329322,-5.573348576759226
u_86424,22.333312118178466,-6.7493731098221845
u_2729,39.290252038320155,6.316072352585448
u_122581,8.10302223302178,-8.771544300747454
u_40485,-1.8458710194168748,-2.8394613378864455
u_40430,11.955365935470432,-1.9073708833454353
u_19602,18.016721459238333,-0.7570352339731395
u_104638,39.108642898637946,8.352113768029724
u_113476,27.43454260909658,0.5195631848049153
u_131351,4.6070842358906265,-4.611545010996841
u_129064,35.140261357558266,8.93990552365342
u_58418,2.5666047743923657,-11.588538396721747
u_100273,4.416874347862874,-3.0420986470149547
u_146783,41.24660764954448,39.46118311582075
u_149012,36.06657870261465,10.306295231792353
u_49857,72.28182168702322,67.19419158675154
u_38464,51.4510097394328,17.115302356971327
u_4403,35.564726792188516,11.44382555130449
u_33644,43.95334694714706,18.143212998070045
u_92372,39.92733200936143,5.687058512588288
u_175024,28.39659918058161,13.898578745220938
u_54560,32.830573223165004,18.769160349585835
u_105516,39.202858412093825,7.612806145966195
u_170748,5.654412272099897,-6.738144380240742
u_31990,4.355388249672389,-2.2114147923499425
u_136107,29.79998703219068,5.672766964419932
u_725,62.285000773128225,41.46535273079433
u_119385,27.78550556348361,0.3360292190616033
u_23909,36.3809628961615,14.159474925848523
u_18244,40.789602436138715,14.230200719263854
u_62509,29.624385104328635,25.307201661119933
u_141415,24.773088697030484,3.055064758998719
u_62451,22.84196491374286,-0.4374386277656871
u_30526,39.557890574535755,27.853573442939968
u_25556,29.3418532827969,4.403552981920865
u_111985,35.760219346557676,12.727604615134686
u_179761,58.199341553387846,39.4441290598956
u_34287,34.387164891349926,3.902862484109215
u_136257,56.14040431995898,30.336061017222345
u_72918,72.24857393874076,56.15253216314627
u_6802,49.310091864927855,41.9466776648141
u_161350,26.14169437498919,-11.64484018798363
u_146209,22.459033561929314,4.108611702814533
u_155876,22.695476419667155,0.5660512603333265
u_42575,61.01520023849763,49.673045931984085
u_92131,25.48682839166628,-7.796462965820211
u_9829,91.72385033761358,86.09893251228303
u_86443,33.04294140945956,12.150182866052894
u_46410,18.154142456978363,0.9686499549494041
u_167513,22.99151493943895,10.613751139437648
u_12470,18.166724839715606,0.015738242887942164
u_2838,21.62410061873111,6.677196661712282
u_122901,51.93081595460499,18.479771357412986
u_56751,2.1815504225179994,-9.245857750432885
u_180393,27.61081293026399,-0.603171522321006
u_141860,17.843541257572284,9.755828442529278
u_152886,36.71940364845849,65.58771349131895
u_153891,19.607926522581522,9.46008123496839
u_55791,26.018790401223647,-3.793602604323043
u_14286,28.9990239416873,9.792094655321796
u_59378,29.856028884401177,17.698623703255045
u_70784,66.78037516067205,63.9722828682123
u_75045,17.61947160871254,1.3275285683244915
u_16141,45.4785535842837,32.61000238491479
u_116482,54.38191017856031,53.173139387712645
u_9338,13.39339184994709,2.878282898856453
u_138509,23.87730427172505,-3.0405026808290194
u_93104,52.329737956771645,27.44175605352758
u_112317,27.094659180758065,6.966122984604562
u_92826,43.17285735567302,32.867235034697
u_19247,26.110718998646192,-0.041357041026045045
u_115180,14.773632369694957,-5.339805031341718
u_30201,14.054666260163517,-4.861219124713414
u_160492,33.62558236106942,-2.488295831866524
u_65716,46.072345354028386,22.171585373010615
u_119874,-2.1441574143033226,-3.522620995209056
u_117991,52.84719591016468,31.585370383506703
u_115077,41.32350715311324,26.248678283845972
u_126995,25.1205772595184,16.87546759883736
u_96415,25.889285401391017,10.56780879590299
u_65954,24.60168848493179,-3.2755221312829432
u_151208,40.119630483664636,5.402981967957943
u_5363,28.18292838537241,0.6877900136404675
u_92871,22.90875673470322,-1.1511902890615255
u_67932,13.011663884112066,-7.947030698388595
u_34561,27.350570607028843,21.55217596303775
u_19771,66.63750029483144,53.32497426379538
u_41664,27.864468130878734,0.3001310515262702
u_159419,27.332882684699506,11.480860970213318
u_132901,38.68130527766241,29.308612649431616
u_106962,54.133563352894384,24.09074083128337
u_165607,45.3395447853768,18.0925521171379
u_148977,52.104834078430656,11.798699537714722
u_68367,32.82836497249014,17.345149948706467
u_153814,58.094383386944294,54.190524406536554
u_33455,24.77085197712268,2.1431780920331076
u_30858,31.729566103156337,17.024064355164764
u_7413,35.95642409433905,25.12359714401694
u_155472,26.16524819009959,29.585700529113783
u_35794,26.046858231811193,12.451601426955543
u_15599,12.925615933579834,-2.167739295361295
u_136886,46.6870849403941,52.84653017071245
u_88769,46.77608748468102,21.16369745942233
u_107245,67.87135081486333,54.80754084118299
u_77305,32.42730665239469,13.732663683048314
u_161858,20.767281645716384,-8.882312160024565
u_34792,86.07781997515548,70.17302755831223
u_161441,35.07608800342884,28.933503485526224
u_123241,32.921555871484415,3.394145418011106
u_72045,36.253972388107016,19.133179441478383
u_117314,-1.9699747645853105,-3.6808779879950344
u_23154,19.612917538816784,-1.883907398504372
u_86585,21.825561984476806,-6.594539059336674
u_4329,13.440700899626886,-6.8509754072322755
u_109057,12.715699301478406,-9.170028595176701
u_118783,40.154254642108164,5.841464079622184
u_44672,11.152639414306472,-6.2047355105617745
u_12065,0.3573218846369295,-4.445484058983622
u_1,40.01975357240785,20.173737995100698
u_61130,39.76660394477714,8.114119231489608
u_100934,38.50917078050503,26.599618488390295
u_1413,48.77358342139751,15.127378484126515
u_16115,42.19797728863089,27.284784241483376
u_160265,29.174301053349254,1.4855103502733191
u_133077,68.83842801964862,54.895531900670626
u_19592,53.64090796952768,31.34973335628702
u_12021,54.528660549137065,36.060084404228235
u_163654,38.39699884754544,24.978888411855795
u_84547,36.713069312862146,24.42156538464926
u_88639,25.334495521198253,-2.9038161824341127
u_5554,23.643537882826752,-1.268943460192534
u_114048,42.440363300195976,33.71346667181269
u_29206,24.94990856325954,-4.528448902480621
u_14063,51.088097168342266,24.316790581163016
u_126511,41.729536209118606,7.331847590780619
u_70462,27.536727231876373,1.8136627468142195
u_129559,31.664324610545446,4.028048390107804
u_13577,31.420558553367112,19.225244222126953
u_93849,48.9726111878965,21.39638209032805
u_60626,16.208746410877705,-9.209875361161735
u_33825,19.900630064848364,1.9409122269103602
u_5909,46.67274186949493,28.30354484698377
u_78364,23.48305576122711,7.844487047530242
u_66299,55.038705235716364,24.339361276235376
u_52063,18.753777734507846,12.291629719703783
u_79460,23.026049585900193,3.2041320507285747
u_168294,10.054738666230744,-13.767537154243952
u_34142,7.497624384665644,-4.017003367489126
u_175674,42.88314515083387,39.62520736435146
u_35911,55.64728741779173,34.55110265828524
u_102598,36.700829161155404,14.295228118959205
u_132346,29.56534428853101,8.388859906721677
u_147374,38.38580722024415,30.97277020868776
u_72255,26.267313391523363,4.074118063005009
u_173715,39.50329024761847,35.50579215780466
u_110906,35.43165239032246,1.3931552661844187
u_82024,20.79302515544702,-3.5390122590146844
u_60,62.65685853809238,54.12588226187686
u_149383,47.02494150045515,31.821667485518045
u_2818,19.310652594702,2.0682366143516235
u_85729,56.70892147888434,22.95435487506873
u_5015,50.63243278967369,33.42110438939791
u_40281,13.447762783282911,0.14003327875820518
u_37767,39.36169279377539,9.75336119136408
u_63243,7.915752621097227,20.05038689927573
u_181287,32.257248731530666,8.65522488855423
u_104316,13.079616420247808,-8.048282765633813
u_3695,33.625738311018274,18.013665665490194
u_65149,27.37773028508575,0.6043202335925301
u_156615,29.46630166458551,3.552566108283905
u_116,45.68171535362058,24.069694461766346
u_145432,19.825604548351706,-5.27133282058141
u_46732,58.812473009492464,36.75866252463314
u_91421,4.313463684384896,-5.389960451746945
u_95222,22.634942057785896,-2.6088360098782886
u_157588,32.87920496376682,2.8080089815966494
u_70126,40.94667135148322,20.697654069526106
u_5282,47.91905043945645,27.25062493077824
u_162676,19.15229930759287,-1.2865460171112175
u_156976,23.365054024523705,14.717308453601007
u_82249,25.252554438186518,-0.9295828049922173
u_179620,27.3801087073223,4.280497763970569
u_168834,2.8279919696246165,-9.410832762344707
u_72636,-3.828638313883577,-8.954068559488777
u_138320,47.93171459475419,7.074568056401115
u_25039,29.128402309126116,12.471325690857968
u_165823,21.598920707933587,-0.44010137415353395
u_7738,11.740371573810025,-3.4450935210223874
u_75519,42.41796520765736,27.71935435135681
u_22623,51.18467464389818,30.709174359638737
u_8307,49.61696512416515,19.049318284533122
u_138192,43.945689107117545,20.4090998949153
u_4812,43.96817929365951,46.89229261264937
u_12593,42.29231080687512,16.944011624316094
u_132863,35.95042201101961,17.749242629627577
u_75851,36.18048253839651,54.112278085826325
u_30553,49.205190034873056,21.524811874575466
u_180335,59.24960471938518,46.32589991332799
u_84796,25.628024378946076,13.86544354062339
u_9708,41.646600145426795,30.13699944977916
u_157720,31.965941372155065,13.594021611989282
u_38219,24.545763519826426,5.935293280203873
u_45926,46.05421449379,31.114617183450086
u_23476,37.72745130079857,7.211759459921281
u_147209,22.21900909075304,-2.713093019377311
u_43383,32.07016263408811,16.4498517004262
u_80752,23.321194501361802,-1.759338423988084
u_52360,65.9853591504077,63.52129261798971
u_157429,36.01249690217526,0.2874122476365754
u_23684,22.64717634342099,-5.557189030218072
u_30476,34.01883292792852,12.212547731030133
u_48107,-1.7551849294888309,-4.408914727783031
u_142566,52.86416044772678,40.82125877606026
u_117955,52.69466294925956,32.14955179546576
u_10517,9.581015242022524,-0.5999673792203205
u_153806,31.92130842612967,-4.16071146761541
u_138172,28.054515702055223,5.03477964564518
u_86168,56.60408125460661,26.321133457225773
u_92759,23.133341392129623,-0.47756004616168807
u_156666,23.503017950059107,-2.6115520159348558
u_15316,54.11011831507322,28.29666293152517
u_14065,42.880525294916694,27.938991459523834
u_40853,-1.4760507575879547,-0.7279684680203461
u_61305,28.337169191568258,8.275922747575567
u_84990,35.27144075619485,32.66373486053623
u_159808,26.559769085939585,14.067136190797425
u_170115,50.237858020617445,29.570620728128073
u_133429,41.34547273388382,26.190934542760886
u_148859,25.3230427581012,-5.151036437023534
u_29933,28.71754279429122,24.439984728151433
u_106228,33.18980311708294,12.345115810108148
u_46775,43.41570390088084,19.224369259572363
u_13000,4.56536537491137,-2.569379015738271
u_94978,25.401437759606853,2.7260226516938832
u_105111,33.46924818425695,32.90798556315552
u_13648,32.93783023930001,26.838178004773273
u_156782,10.153930219876717,-9.172830597603557
u_1118,29.03102486014052,-0.9701236686375097
u_143652,27.583900641093706,5.352495995218227
u_119166,23.528649595993524,18.90269292648762
u_115623,2.8621811287701227,-12.858735755867304
u_18933,26.804378938276276,4.977639104900075
u_30350,49.27410592380723,11.298863952907402
u_86748,19.45190356664349,-1.239839402972533
u_26150,33.69774313810615,23.27032935261435
u_55658,37.67192514894113,26.635677701033046
u_163929,22.445809967445648,5.706652282394072
u_162299,41.5125095245571,23.076855324865782
u_11042,51.119791452760836,19.759108418289657
u_158180,23.66849676232266,-5.418264625978204
u_134704,40.19082077192257,67.99602037892875
u_160982,16.006326836276237,-10.488272285056075
u_144557,40.40000027598389,29.585097717244842
u_95283,34.81689147606006,3.352808886563678
u_130144,29.846546821916764,6.892390310933767
u_167189,59.076473212010484,39.60566423518157
u_106747,38.262495641522975,1.087988769149694
u_11439,21.452135448284466,-1.0545080185607454
u_140621,29.935272669741124,-0.503153411379786
u_126965,21.44904632701734,4.245147179936689
u_161548,23.089734147924183,2.0522849299888386
u_24580,33.04042311813593,15.302339424171995
u_86367,41.30842680680995,3.0683305552614777
u_28184,43.91647629438061,32.300832659898944
u_104860,11.531493391132415,-4.261535374387364
u_106352,31.664723068082225,22.51620303385425
u_85507,47.509151741336346,33.97863596670883
u_73965,44.04719123630452,37.54422073934988
u_180338,53.365793764459376,46.96757607952196
u_19628,34.303705079386155,19.01589827036872
u_23042,63.506965152705604,53.239584386313076
u_90593,29.732018710790477,6.496804817510183
u_142528,38.80282682178221,40.79337482885939
u_12038,34.63864854550577,32.979802404307236
u_18046,61.42087379741687,36.22413156734691
u_13947,33.851112274321466,1.3941240088821458
u_79378,29.762073384255086,16.491256114198723
u_39442,40.27779842048319,15.075897145265985
u_49136,27.76965444795804,28.705478224820272
u_151854,41.811417284623346,14.651622132129653
u_58403,14.065359820855598,6.991168285767117
u_1569,25.180872646862138,-0.09629042419647707
u_26947,58.481569044665775,55.57387450496058
u_158633,33.643761754675914,9.028177972250079
u_31264,63.593414544931754,42.28051195611143
