,0
0,u_157833
1,u_170
2,u_50893
3,u_152207
4,u_1333
5,u_1952
6,u_27612
7,u_93840
8,u_51164
9,u_123918
10,u_139607
11,u_85417
12,u_38182
13,u_165526
14,u_130368
15,u_32306
16,u_132354
17,u_2171
18,u_8150
19,u_107107
20,u_31757
21,u_70045
22,u_5072
23,u_27696
24,u_86885
25,u_31155
26,u_38357
27,u_28794
28,u_2355
29,u_16355
30,u_70821
31,u_33590
32,u_144764
33,u_32328
34,u_13303
35,u_57476
36,u_11429
37,u_87094
38,u_20912
39,u_64761
40,u_25390
41,u_138222
42,u_21996
43,u_160422
44,u_176951
45,u_47586
46,u_84133
47,u_3927
48,u_143139
49,u_147493
50,u_53835
51,u_13134
52,u_142127
53,u_169249
54,u_157851
55,u_134717
56,u_34716
57,u_55136
58,u_933
59,u_161057
60,u_65482
61,u_9195
62,u_60695
63,u_168302
64,u_5493
65,u_62075
66,u_132411
67,u_165207
68,u_7721
69,u_34963
70,u_152783
71,u_45542
72,u_131116
73,u_95257
74,u_26299
75,u_173307
76,u_94829
77,u_173404
78,u_47927
79,u_175262
80,u_101862
81,u_45669
82,u_35627
83,u_53072
84,u_152062
85,u_104815
86,u_88252
87,u_85865
88,u_32858
89,u_34848
90,u_54195
91,u_169954
92,u_25085
93,u_43920
94,u_3311
95,u_79398
96,u_4945
97,u_67019
98,u_156072
99,u_158059
100,u_26350
101,u_153441
102,u_103346
103,u_31526
104,u_143388
105,u_75843
106,u_125218
107,u_127544
108,u_13137
109,u_80988
110,u_84430
111,u_63404
112,u_24498
113,u_131590
114,u_62172
115,u_14233
116,u_152009
117,u_45856
118,u_105279
119,u_27214
120,u_38142
121,u_31096
122,u_56653
123,u_109535
124,u_141483
125,u_26284
126,u_160580
127,u_18647
128,u_46621
129,u_92116
130,u_19560
131,u_26101
132,u_56568
133,u_145035
134,u_28115
135,u_836
136,u_146014
137,u_27107
138,u_94098
139,u_100415
140,u_54099
141,u_153862
142,u_30143
143,u_498
144,u_104729
145,u_47634
146,u_180320
147,u_153524
148,u_48882
149,u_148434
150,u_122934
151,u_132031
152,u_80834
153,u_153689
154,u_1612
155,u_121927
156,u_86382
157,u_38850
158,u_139987
159,u_9531
160,u_618
161,u_27634
162,u_158177
163,u_7850
164,u_7864
165,u_62216
166,u_154666
167,u_38560
168,u_156984
169,u_33030
170,u_111650
171,u_35432
172,u_11121
173,u_22520
174,u_30881
175,u_16420
176,u_131827
177,u_7753
178,u_148306
179,u_158322
180,u_101533
181,u_173876
182,u_60399
183,u_129639
184,u_129812
185,u_33856
186,u_1006
187,u_7482
188,u_80703
189,u_59856
190,u_23559
191,u_812
192,u_18513
193,u_5631
194,u_28031
195,u_143093
196,u_1176
197,u_44791
198,u_34097
199,u_891
200,u_5657
201,u_10159
202,u_125226
203,u_180762
204,u_141375
205,u_76601
206,u_131270
207,u_57309
208,u_111005
209,u_53306
210,u_104856
211,u_60003
212,u_50324
213,u_78325
214,u_93036
215,u_9032
216,u_140558
217,u_41905
218,u_87825
219,u_32609
220,u_108125
221,u_2297
222,u_179063
223,u_11084
224,u_22742
225,u_27678
226,u_171442
227,u_31796
228,u_1571
229,u_166940
230,u_146948
231,u_50258
232,u_36961
233,u_53393
234,u_107
235,u_8772
236,u_92869
237,u_1941
238,u_7651
239,u_39214
240,u_49794
241,u_153030
242,u_147123
243,u_93223
244,u_55087
245,u_40552
246,u_775
247,u_1380
248,u_79492
249,u_115315
250,u_143440
251,u_112604
252,u_15954
253,u_28618
254,u_80702
255,u_82883
256,u_329
257,u_79027
258,u_20541
259,u_20672
260,u_139444
261,u_18150
262,u_61047
263,u_45328
264,u_160233
265,u_22830
266,u_68263
267,u_29205
268,u_33665
269,u_14479
270,u_66840
271,u_148724
272,u_36149
273,u_100485
274,u_6568
275,u_724
276,u_135033
277,u_54327
278,u_23771
279,u_79674
280,u_144668
281,u_32843
282,u_137279
283,u_158631
284,u_145967
285,u_105050
286,u_132970
287,u_34030
288,u_91822
289,u_140659
290,u_38121
291,u_129939
292,u_117869
293,u_134595
294,u_107212
295,u_142308
296,u_8599
297,u_56120
298,u_142580
299,u_16658
300,u_82383
301,u_64238
302,u_37691
303,u_64385
304,u_77223
305,u_1305
306,u_74565
307,u_41288
308,u_27561
309,u_122760
310,u_47138
311,u_40297
312,u_7015
313,u_17306
314,u_13585
315,u_59504
316,u_165205
317,u_45807
318,u_160941
319,u_118087
320,u_103293
321,u_79467
322,u_94677
323,u_80659
324,u_111941
325,u_107192
326,u_47898
327,u_88744
328,u_124233
329,u_110866
330,u_73357
331,u_52287
332,u_80463
333,u_136895
334,u_121850
335,u_129499
336,u_9995
337,u_161290
338,u_155193
339,u_60029
340,u_41928
341,u_95966
342,u_115953
343,u_48797
344,u_159249
345,u_167849
346,u_146474
347,u_55531
348,u_95879
349,u_148700
350,u_30855
351,u_54362
352,u_169317
353,u_139958
354,u_4098
355,u_1865
356,u_82686
357,u_70880
358,u_72332
359,u_103499
360,u_175845
361,u_132427
362,u_25563
363,u_129475
364,u_27753
365,u_12335
366,u_65058
367,u_35150
368,u_160328
369,u_124020
370,u_150777
371,u_173113
372,u_130874
373,u_80781
374,u_77040
375,u_37990
376,u_95772
377,u_7077
378,u_40214
379,u_36678
380,u_70074
381,u_179960
382,u_113605
383,u_27802
384,u_112969
385,u_33542
386,u_22923
387,u_27083
388,u_165610
389,u_44390
390,u_152960
391,u_133797
392,u_24658
393,u_153
394,u_52361
395,u_112472
396,u_15064
397,u_77993
398,u_22658
399,u_25008
400,u_23109
401,u_158848
402,u_33276
403,u_114430
404,u_47733
405,u_95000
406,u_124423
407,u_6941
408,u_40774
409,u_105837
410,u_148418
411,u_181341
412,u_40088
413,u_106023
414,u_6113
415,u_124494
416,u_150199
417,u_74869
418,u_3117
419,u_171291
420,u_167462
421,u_6220
422,u_164494
423,u_126201
424,u_69134
425,u_7861
426,u_33809
427,u_153141
428,u_129385
429,u_6232
430,u_60372
431,u_72132
432,u_154323
433,u_160673
434,u_83014
435,u_117611
436,u_148822
437,u_70781
438,u_136780
439,u_95581
440,u_60174
441,u_161542
442,u_9263
443,u_10
444,u_138286
445,u_64862
446,u_152614
447,u_19745
448,u_89012
449,u_28987
450,u_45601
451,u_168713
452,u_21995
453,u_154630
454,u_44128
455,u_279
456,u_38970
457,u_75950
458,u_161463
459,u_104368
460,u_46674
461,u_22731
462,u_105711
463,u_111083
464,u_40688
465,u_181808
466,u_124693
467,u_9191
468,u_41886
469,u_126286
470,u_128228
471,u_7627
472,u_18789
473,u_153830
474,u_55971
475,u_21111
476,u_144507
477,u_175106
478,u_155046
479,u_70384
480,u_2087
481,u_8743
482,u_20068
483,u_57789
484,u_587
485,u_131899
486,u_21452
487,u_47241
488,u_63977
489,u_1971
490,u_2046
491,u_133046
492,u_38134
493,u_24956
494,u_29922
495,u_105963
496,u_53526
497,u_52503
498,u_2968
499,u_160011
500,u_161614
501,u_166897
502,u_78570
503,u_149163
504,u_30060
505,u_155694
506,u_48318
507,u_124670
508,u_138261
509,u_13356
510,u_133123
511,u_150413
512,u_101869
513,u_86053
514,u_71275
515,u_41093
516,u_56513
517,u_17506
518,u_56812
519,u_73804
520,u_539
521,u_133008
522,u_75046
523,u_169869
524,u_52307
525,u_168706
526,u_58535
527,u_142458
528,u_2771
529,u_160284
530,u_73819
531,u_89290
532,u_123561
533,u_89403
534,u_41796
535,u_45744
536,u_389
537,u_53617
538,u_103327
539,u_61978
540,u_13073
541,u_5969
542,u_47594
543,u_35410
544,u_86576
545,u_126047
546,u_80111
547,u_157436
548,u_39727
549,u_31283
550,u_93066
551,u_157321
552,u_105456
553,u_158763
554,u_56440
555,u_31612
556,u_81653
557,u_110278
558,u_155577
559,u_2037
560,u_6533
561,u_7479
562,u_162184
563,u_75884
564,u_24633
565,u_90428
566,u_42867
567,u_23708
568,u_78024
569,u_118892
570,u_116616
571,u_14169
572,u_160792
573,u_118381
574,u_2177
575,u_173155
576,u_46428
577,u_104192
578,u_19743
579,u_123121
580,u_93692
581,u_137483
582,u_28595
583,u_168745
584,u_147542
585,u_143890
586,u_240
587,u_127762
588,u_7821
589,u_151261
590,u_181837
591,u_87368
592,u_35789
593,u_40760
594,u_28
595,u_11676
596,u_229
597,u_79930
598,u_161167
599,u_53358
600,u_56758
601,u_43626
602,u_163468
603,u_115413
604,u_72863
605,u_83173
606,u_112028
607,u_88705
608,u_105245
609,u_3094
610,u_61182
611,u_60739
612,u_15523
613,u_152958
614,u_73478
615,u_66467
616,u_5219
617,u_7325
618,u_82552
619,u_137342
620,u_102048
621,u_148663
622,u_18000
623,u_136334
624,u_90452
625,u_117
626,u_87632
627,u_162692
628,u_15335
629,u_71040
630,u_15976
631,u_151077
632,u_16295
633,u_110637
634,u_5004
635,u_160916
636,u_39992
637,u_144618
638,u_51523
639,u_6487
640,u_33786
641,u_143120
642,u_80756
643,u_172467
644,u_109115
645,u_29414
646,u_161249
647,u_6639
648,u_54284
649,u_117515
650,u_6731
651,u_26415
652,u_119884
653,u_84614
654,u_124485
655,u_84561
656,u_135276
657,u_168767
658,u_141420
659,u_63506
660,u_27748
661,u_177036
662,u_49281
663,u_156592
664,u_49617
665,u_58438
666,u_110105
667,u_160630
668,u_179
669,u_161129
670,u_167600
671,u_28381
672,u_66924
673,u_123573
674,u_143510
675,u_74
676,u_142550
677,u_39689
678,u_106292
679,u_40307
680,u_146560
681,u_1438
682,u_70918
683,u_172843
684,u_101516
685,u_8954
686,u_154154
687,u_38292
688,u_161342
689,u_514
690,u_154329
691,u_166663
692,u_82341
693,u_72304
694,u_30037
695,u_45114
696,u_76216
697,u_113809
698,u_144613
699,u_114460
700,u_154099
701,u_15646
702,u_8848
703,u_4029
704,u_155751
705,u_23446
706,u_7888
707,u_37895
708,u_173560
709,u_94874
710,u_162098
711,u_22261
712,u_74989
713,u_152183
714,u_93295
715,u_128861
716,u_60994
717,u_680
718,u_148833
719,u_14898
720,u_86946
721,u_146446
722,u_41070
723,u_78370
724,u_57707
725,u_142454
726,u_179012
727,u_163853
728,u_25917
729,u_110220
730,u_42026
731,u_21080
732,u_4095
733,u_114239
734,u_64279
735,u_103151
736,u_23135
737,u_137349
738,u_29360
739,u_1181
740,u_118336
741,u_37708
742,u_41380
743,u_40036
744,u_700
745,u_46245
746,u_113946
747,u_68270
748,u_59445
749,u_166877
750,u_2108
751,u_110245
752,u_216
753,u_153170
754,u_49325
755,u_128569
756,u_135889
757,u_102658
758,u_46102
759,u_76107
760,u_32099
761,u_37158
762,u_64789
763,u_136616
764,u_80861
765,u_69040
766,u_59506
767,u_25600
768,u_142
769,u_45450
770,u_13405
771,u_90239
772,u_260
773,u_116018
774,u_174826
775,u_162695
776,u_24140
777,u_101806
778,u_134520
779,u_36341
780,u_17723
781,u_162537
782,u_64765
783,u_41986
784,u_71066
785,u_46991
786,u_30042
787,u_84828
788,u_54568
789,u_56919
790,u_151922
791,u_75041
792,u_140853
793,u_154812
794,u_6065
795,u_25873
796,u_75554
797,u_3285
798,u_153110
799,u_129440
800,u_27450
801,u_88625
802,u_133327
803,u_1548
804,u_112136
805,u_145013
806,u_31478
807,u_7245
808,u_89106
809,u_78897
810,u_38426
811,u_143853
812,u_115972
813,u_138231
814,u_20365
815,u_176753
816,u_47861
817,u_155292
818,u_123685
819,u_127749
820,u_12226
821,u_5120
822,u_26221
823,u_155815
824,u_33547
825,u_150642
826,u_70031
827,u_92339
828,u_115788
829,u_125855
830,u_40621
831,u_120551
832,u_108181
833,u_93796
834,u_24776
835,u_1029
836,u_128969
837,u_157939
838,u_11492
839,u_83419
840,u_108441
841,u_43497
842,u_43971
843,u_86016
844,u_56337
845,u_161289
846,u_120550
847,u_109248
848,u_182115
849,u_55120
850,u_32335
851,u_728
852,u_160446
853,u_14514
854,u_168117
855,u_13512
856,u_9579
857,u_39693
858,u_156164
859,u_165878
860,u_149478
861,u_28449
862,u_126839
863,u_33245
864,u_49943
865,u_48898
866,u_134691
867,u_95702
868,u_87485
869,u_23901
870,u_142414
871,u_5517
872,u_3152
873,u_130024
874,u_157658
875,u_56162
876,u_153493
877,u_157974
878,u_151839
879,u_99999
880,u_845
881,u_15254
882,u_153544
883,u_61399
884,u_4674
885,u_108010
886,u_35270
887,u_163529
888,u_112375
889,u_91833
890,u_36407
891,u_63
892,u_113400
893,u_44169
894,u_88950
895,u_96845
896,u_16539
897,u_119441
898,u_3129
899,u_1221
900,u_23030
901,u_174004
902,u_30077
903,u_162049
904,u_93000
905,u_164854
906,u_70617
907,u_126524
908,u_162728
909,u_3056
910,u_149801
911,u_24229
912,u_153889
913,u_84521
914,u_8271
915,u_104920
916,u_104571
917,u_122917
918,u_78549
919,u_84318
920,u_81921
921,u_161687
922,u_63195
923,u_6654
924,u_142594
925,u_14392
926,u_165001
927,u_131295
928,u_21634
929,u_59754
930,u_2815
931,u_124695
932,u_143588
933,u_4659
934,u_19902
935,u_101480
936,u_86
937,u_54951
938,u_21886
939,u_9229
940,u_589
941,u_44321
942,u_8724
943,u_135014
944,u_119464
945,u_56386
946,u_120808
947,u_171468
948,u_174658
949,u_36497
950,u_39733
951,u_165530
952,u_35890
953,u_62920
954,u_162088
955,u_31376
956,u_110536
957,u_50988
958,u_57502
959,u_172944
960,u_156439
961,u_55777
962,u_32541
963,u_150508
964,u_116061
965,u_529
966,u_12252
967,u_80473
968,u_106569
969,u_82808
970,u_130056
971,u_28174
972,u_114223
973,u_135739
974,u_31573
975,u_155919
976,u_56471
977,u_32429
978,u_48154
979,u_146051
980,u_140929
981,u_124486
982,u_4040
983,u_120451
984,u_135595
985,u_155826
986,u_128522
987,u_29760
988,u_103561
989,u_44488
990,u_6
991,u_143405
992,u_14868
993,u_157238
994,u_12600
995,u_33658
996,u_567
997,u_146181
998,u_75011
999,u_12723
1000,u_171590
1001,u_140958
1002,u_92155
1003,u_85140
1004,u_121266
1005,u_24003
1006,u_73443
1007,u_9858
1008,u_125853
1009,u_169513
1010,u_61916
1011,u_112794
1012,u_136845
1013,u_14256
1014,u_46856
1015,u_56977
1016,u_89788
1017,u_1141
1018,u_108927
1019,u_2861
1020,u_46815
1021,u_17498
1022,u_21234
1023,u_4773
1024,u_108279
1025,u_118240
1026,u_42562
1027,u_174313
1028,u_32430
1029,u_52330
1030,u_53035
1031,u_76146
1032,u_7568
1033,u_159031
1034,u_39520
1035,u_42413
1036,u_91386
1037,u_170758
1038,u_56226
1039,u_53863
1040,u_123750
1041,u_114141
1042,u_173419
1043,u_120746
1044,u_33288
1045,u_160628
1046,u_5508
1047,u_42592
1048,u_16207
1049,u_53812
1050,u_53819
1051,u_40039
1052,u_128759
1053,u_2421
1054,u_59051
1055,u_31729
1056,u_45932
1057,u_80028
1058,u_11701
1059,u_154101
1060,u_9866
1061,u_92628
1062,u_78093
1063,u_36560
1064,u_48953
1065,u_165638
1066,u_145197
1067,u_9174
1068,u_2863
1069,u_28049
1070,u_53970
1071,u_107036
1072,u_70459
1073,u_56589
1074,u_135189
1075,u_85349
1076,u_42874
1077,u_83418
1078,u_96495
1079,u_163404
1080,u_20257
1081,u_18558
1082,u_154917
1083,u_5507
1084,u_11202
1085,u_128557
1086,u_47419
1087,u_147298
1088,u_159060
1089,u_6236
1090,u_89388
1091,u_7439
1092,u_163564
1093,u_117166
1094,u_138580
1095,u_83279
1096,u_153639
1097,u_46725
1098,u_78924
1099,u_37518
1100,u_160734
1101,u_42762
1102,u_101209
1103,u_47212
1104,u_79204
1105,u_29204
1106,u_51809
1107,u_80295
1108,u_100716
1109,u_164353
1110,u_20944
1111,u_48374
1112,u_70128
1113,u_31974
1114,u_155899
1115,u_159313
1116,u_157704
1117,u_1270
1118,u_140316
1119,u_148795
1120,u_73160
1121,u_107402
1122,u_61555
1123,u_56615
1124,u_121800
1125,u_17173
1126,u_7097
1127,u_142647
1128,u_155950
1129,u_14526
1130,u_35735
1131,u_156961
1132,u_33908
1133,u_22880
1134,u_71043
1135,u_156093
1136,u_1016
1137,u_92176
1138,u_114
1139,u_56672
1140,u_26809
1141,u_150170
1142,u_171690
1143,u_100127
1144,u_33977
1145,u_88851
1146,u_4418
1147,u_79838
1148,u_116794
1149,u_38230
1150,u_42538
1151,u_29382
1152,u_21494
1153,u_46698
1154,u_30221
1155,u_163121
1156,u_5824
1157,u_12334
1158,u_125791
1159,u_58112
1160,u_20491
1161,u_127888
1162,u_79126
1163,u_70829
1164,u_156679
1165,u_5462
1166,u_11126
1167,u_156982
1168,u_151366
1169,u_15238
1170,u_45530
1171,u_136745
1172,u_120449
1173,u_157455
1174,u_12006
1175,u_155874
1176,u_18307
1177,u_9754
1178,u_48438
1179,u_13935
1180,u_72751
1181,u_124804
1182,u_129919
1183,u_180769
1184,u_104915
1185,u_48356
1186,u_87678
1187,u_58674
1188,u_4310
1189,u_54331
1190,u_165758
1191,u_30580
1192,u_123726
1193,u_155319
1194,u_160828
1195,u_67700
1196,u_48349
1197,u_3258
1198,u_127592
1199,u_73391
1200,u_112599
1201,u_149585
1202,u_18316
1203,u_13175
1204,u_30955
1205,u_35763
1206,u_26993
1207,u_173356
1208,u_11523
1209,u_89695
1210,u_263
1211,u_114858
1212,u_32276
1213,u_157474
1214,u_24443
1215,u_61662
1216,u_968
1217,u_36923
1218,u_153713
1219,u_66401
1220,u_70313
1221,u_8367
1222,u_116005
1223,u_163499
1224,u_63717
1225,u_78144
1226,u_119386
1227,u_222
1228,u_133575
1229,u_86839
1230,u_46295
1231,u_36644
1232,u_93101
1233,u_86065
1234,u_152765
1235,u_145204
1236,u_169383
1237,u_134118
1238,u_14219
1239,u_160412
1240,u_151565
1241,u_68961
1242,u_142547
1243,u_44131
1244,u_123832
1245,u_63060
1246,u_12386
1247,u_46061
1248,u_161250
1249,u_135609
1250,u_8545
1251,u_1623
1252,u_14263
1253,u_135232
1254,u_3850
1255,u_148400
1256,u_42663
1257,u_21895
1258,u_112051
1259,u_145695
1260,u_52333
1261,u_1784
1262,u_23934
1263,u_160698
1264,u_67427
1265,u_12953
1266,u_108728
1267,u_154009
1268,u_100687
1269,u_13942
1270,u_93337
1271,u_54381
1272,u_23949
1273,u_42639
1274,u_111807
1275,u_94341
1276,u_86469
1277,u_142961
1278,u_4730
1279,u_47770
1280,u_78332
1281,u_1123
1282,u_162252
1283,u_41
1284,u_45329
1285,u_130428
1286,u_117527
1287,u_41918
1288,u_110968
1289,u_92643
1290,u_32083
1291,u_3187
1292,u_79480
1293,u_79829
1294,u_31613
1295,u_63029
1296,u_154398
1297,u_18592
1298,u_25217
1299,u_149297
1300,u_17146
1301,u_20579
1302,u_142191
1303,u_2743
1304,u_123231
1305,u_45955
1306,u_6770
1307,u_158533
1308,u_84539
1309,u_172157
1310,u_132734
1311,u_159887
1312,u_143100
1313,u_171770
1314,u_6094
1315,u_30846
1316,u_126739
1317,u_181434
1318,u_85352
1319,u_103352
1320,u_26617
1321,u_172832
1322,u_6437
1323,u_20398
1324,u_161956
1325,u_116333
1326,u_58094
1327,u_111507
1328,u_112313
1329,u_101897
1330,u_43687
1331,u_12195
1332,u_39722
1333,u_101988
1334,u_16135
1335,u_79507
1336,u_2884
1337,u_299
1338,u_37392
1339,u_11452
1340,u_171439
1341,u_162179
1342,u_51525
1343,u_168630
1344,u_138093
1345,u_105421
1346,u_3906
1347,u_157973
1348,u_61808
1349,u_14047
1350,u_30522
1351,u_124019
1352,u_40662
1353,u_4755
1354,u_31924
1355,u_115995
1356,u_40936
1357,u_125572
1358,u_136092
1359,u_20303
1360,u_82130
1361,u_41628
1362,u_70860
1363,u_76063
1364,u_136057
1365,u_157634
1366,u_12036
1367,u_4859
1368,u_15311
1369,u_42389
1370,u_74737
1371,u_10503
1372,u_55825
1373,u_142383
1374,u_156962
1375,u_170014
1376,u_166751
1377,u_37547
1378,u_174201
1379,u_162512
1380,u_135480
1381,u_32038
1382,u_164393
1383,u_146791
1384,u_179323
1385,u_92069
1386,u_5986
1387,u_138185
1388,u_48725
1389,u_167530
1390,u_161522
1391,u_177645
1392,u_82756
1393,u_10941
1394,u_121577
1395,u_83008
1396,u_145384
1397,u_31331
1398,u_105967
1399,u_80050
1400,u_71563
1401,u_157950
1402,u_85998
1403,u_89702
1404,u_50672
1405,u_170019
1406,u_110994
1407,u_54431
1408,u_104482
1409,u_38993
1410,u_11596
1411,u_134062
1412,u_46010
1413,u_79840
1414,u_161709
1415,u_103848
1416,u_61620
1417,u_128527
1418,u_27257
1419,u_130838
1420,u_46317
1421,u_154013
1422,u_5391
1423,u_126671
1424,u_66705
1425,u_8370
1426,u_127798
1427,u_60594
1428,u_16829
1429,u_47509
1430,u_135439
1431,u_110155
1432,u_157622
1433,u_173270
1434,u_83507
1435,u_41843
1436,u_22926
1437,u_17151
1438,u_73374
1439,u_5313
1440,u_46842
1441,u_522
1442,u_66352
1443,u_67605
1444,u_151882
1445,u_51709
1446,u_27026
1447,u_92525
1448,u_87384
1449,u_96303
1450,u_11331
1451,u_58863
1452,u_75332
1453,u_163384
1454,u_15825
1455,u_169720
1456,u_5272
1457,u_86424
1458,u_2729
1459,u_122581
1460,u_40485
1461,u_40430
1462,u_19602
1463,u_104638
1464,u_113476
1465,u_131351
1466,u_129064
1467,u_58418
1468,u_100273
1469,u_146783
1470,u_149012
1471,u_49857
1472,u_38464
1473,u_4403
1474,u_33644
1475,u_92372
1476,u_175024
1477,u_54560
1478,u_105516
1479,u_170748
1480,u_31990
1481,u_136107
1482,u_725
1483,u_119385
1484,u_23909
1485,u_18244
1486,u_62509
1487,u_141415
1488,u_62451
1489,u_30526
1490,u_25556
1491,u_111985
1492,u_179761
1493,u_34287
1494,u_136257
1495,u_72918
1496,u_6802
1497,u_161350
1498,u_146209
1499,u_155876
1500,u_42575
1501,u_92131
1502,u_9829
1503,u_86443
1504,u_46410
1505,u_167513
1506,u_12470
1507,u_2838
1508,u_122901
1509,u_56751
1510,u_180393
1511,u_141860
1512,u_152886
1513,u_153891
1514,u_55791
1515,u_14286
1516,u_59378
1517,u_70784
1518,u_75045
1519,u_16141
1520,u_116482
1521,u_9338
1522,u_138509
1523,u_93104
1524,u_112317
1525,u_92826
1526,u_19247
1527,u_115180
1528,u_30201
1529,u_160492
1530,u_65716
1531,u_119874
1532,u_117991
1533,u_115077
1534,u_126995
1535,u_96415
1536,u_65954
1537,u_151208
1538,u_5363
1539,u_92871
1540,u_67932
1541,u_34561
1542,u_19771
1543,u_41664
1544,u_159419
1545,u_132901
1546,u_106962
1547,u_165607
1548,u_148977
1549,u_68367
1550,u_153814
1551,u_33455
1552,u_30858
1553,u_7413
1554,u_155472
1555,u_35794
1556,u_15599
1557,u_136886
1558,u_88769
1559,u_107245
1560,u_77305
1561,u_161858
1562,u_34792
1563,u_161441
1564,u_123241
1565,u_72045
1566,u_117314
1567,u_23154
1568,u_86585
1569,u_4329
1570,u_109057
1571,u_118783
1572,u_44672
1573,u_12065
1574,u_1
1575,u_61130
1576,u_100934
1577,u_1413
1578,u_16115
1579,u_160265
1580,u_133077
1581,u_19592
1582,u_12021
1583,u_163654
1584,u_84547
1585,u_88639
1586,u_5554
1587,u_114048
1588,u_29206
1589,u_14063
1590,u_126511
1591,u_70462
1592,u_129559
1593,u_13577
1594,u_93849
1595,u_60626
1596,u_33825
1597,u_5909
1598,u_78364
1599,u_66299
1600,u_52063
1601,u_79460
1602,u_168294
1603,u_34142
1604,u_175674
1605,u_35911
1606,u_102598
1607,u_132346
1608,u_147374
1609,u_72255
1610,u_173715
1611,u_110906
1612,u_82024
1613,u_60
1614,u_149383
1615,u_2818
1616,u_85729
1617,u_5015
1618,u_40281
1619,u_37767
1620,u_63243
1621,u_181287
1622,u_104316
1623,u_3695
1624,u_65149
1625,u_156615
1626,u_116
1627,u_145432
1628,u_46732
1629,u_91421
1630,u_95222
1631,u_157588
1632,u_70126
1633,u_5282
1634,u_162676
1635,u_156976
1636,u_82249
1637,u_179620
1638,u_168834
1639,u_72636
1640,u_138320
1641,u_25039
1642,u_165823
1643,u_7738
1644,u_75519
1645,u_22623
1646,u_8307
1647,u_138192
1648,u_4812
1649,u_12593
1650,u_132863
1651,u_75851
1652,u_30553
1653,u_180335
1654,u_84796
1655,u_9708
1656,u_157720
1657,u_38219
1658,u_45926
1659,u_23476
1660,u_147209
1661,u_43383
1662,u_80752
1663,u_52360
1664,u_157429
1665,u_23684
1666,u_30476
1667,u_48107
1668,u_142566
1669,u_117955
1670,u_10517
1671,u_153806
1672,u_138172
1673,u_86168
1674,u_92759
1675,u_156666
1676,u_15316
1677,u_14065
1678,u_40853
1679,u_61305
1680,u_84990
1681,u_159808
1682,u_170115
1683,u_133429
1684,u_148859
1685,u_29933
1686,u_106228
1687,u_46775
1688,u_13000
1689,u_94978
1690,u_105111
1691,u_13648
1692,u_156782
1693,u_1118
1694,u_143652
1695,u_119166
1696,u_115623
1697,u_18933
1698,u_30350
1699,u_86748
1700,u_26150
1701,u_55658
1702,u_163929
1703,u_162299
1704,u_11042
1705,u_158180
1706,u_134704
1707,u_160982
1708,u_144557
1709,u_95283
1710,u_130144
1711,u_167189
1712,u_106747
1713,u_11439
1714,u_140621
1715,u_126965
1716,u_161548
1717,u_24580
1718,u_86367
1719,u_28184
1720,u_104860
1721,u_106352
1722,u_85507
1723,u_73965
1724,u_180338
1725,u_19628
1726,u_23042
1727,u_90593
1728,u_142528
1729,u_12038
1730,u_18046
1731,u_13947
1732,u_79378
1733,u_39442
1734,u_49136
1735,u_151854
1736,u_58403
1737,u_1569
1738,u_26947
1739,u_158633
1740,u_31264
